SubjectID,researchdate,BrandID,Brand,CategoryNameDelivery,daily_ots,score,threshold,reason
4844634155853,2025-07-06,238974,tecno spark,Смартфоны,60268.686,0.93981691842551,0.9353643479417053,daily_ots=60268.686; share=0.5022; deviation=5.022; robust_z=24.321
4844634155853,2025-07-12,210322,lg,Крупная техника,48287.876,0.9434779718238209,0.9353643479417053,daily_ots=48287.876; share=0.6177; deviation=4.942; robust_z=15.07
5034735006047,2025-09-28,215539,pro plan,Корм для кошек,10797.113,0.9361919957452466,0.9353643479417053,daily_ots=10797.113; share=0.855; deviation=2.565; robust_z=19.044
5034735006217,2025-10-16,217082,samsung,Малая техника,38478.699,0.9420610695848726,0.9353643479417053,daily_ots=38478.699; share=0.8165; deviation=3.266; robust_z=33.955
5034735006831,2025-10-20,219424,tendance,Обувь,27290.164999999997,0.94266083950446,0.9353643479417053,daily_ots=27290.165; share=0.8317; deviation=3.327; robust_z=26.764
5034735007357,2025-09-08,201236,canon,Малая техника,13280.417999999998,0.9384130232450588,0.9353643479417053,daily_ots=13280.418; share=0.8349; deviation=2.505; robust_z=22.588
5034735007627,2025-08-21,202423,crocs,Обувь,31632.18,0.9406271136470058,0.9353643479417053,daily_ots=31632.18; share=0.5526; deviation=4.973; robust_z=15.36
5034735007817,2025-08-30,209227,kitfort,Малая техника,18195.272,0.9378493840435187,0.9353643479417053,daily_ots=18195.272; share=0.5009; deviation=4.508; robust_z=15.754
9910175246783616,2025-10-05,213872,oshade,Обувь,42319.392,0.945004422399889,0.9353643479417053,daily_ots=42319.392; share=0.6226; deviation=4.359; robust_z=64.083
9989555737518336,2025-09-29,311362,tecno pova,Смартфоны,32478.873,0.9401472977113358,0.9353643479417053,daily_ots=32478.873; share=0.4789; deviation=5.747; robust_z=26.582
9989555737518336,2025-10-01,311362,tecno pova,Смартфоны,36841.512,0.9507968991172543,0.9353643479417053,daily_ots=36841.512; share=0.7689; deviation=4.613; robust_z=20.988
153131660580731456,2025-10-21,213474,nike,Одежда,20638.145,0.9426021632183509,0.9353643479417053,daily_ots=20638.145; share=0.5124; deviation=5.124; robust_z=46.464
153134773740665347,2025-10-20,207447,honor,Смартфоны,97332.24799999999,0.9355295028991288,0.9353643479417053,daily_ots=97332.248; share=0.3745; deviation=11.236; robust_z=40.153
216178771397981588,2025-08-24,217082,samsung,Смартфоны,94340.526,0.9386939757085957,0.9353643479417053,daily_ots=94340.526; share=0.4571; deviation=8.686; robust_z=47.999
225608272464491072,2025-06-02,213474,nike,Обувь,74966.995,0.9438788782712751,0.9353643479417053,daily_ots=74966.995; share=0.6169; deviation=6.169; robust_z=20.014
360293909705804580,2025-06-23,204933,felix (корм),Корм для кошек,18823.574,0.9365209298023506,0.9353643479417053,daily_ots=18823.574; share=0.6301; deviation=3.151; robust_z=17.533
360293909705804580,2025-09-23,200547,bona,Обувь,26341.35,0.9457143187480852,0.9353643479417053,daily_ots=26341.35; share=0.8266; deviation=3.306; robust_z=23.21
360293909705804778,2025-08-16,217082,samsung,Крупная техника,18785.402,0.9360451605071018,0.9353643479417053,daily_ots=18785.402; share=0.4848; deviation=3.879; robust_z=43.687
360295281038589837,2025-10-31,238974,tecno spark,Смартфоны,46367.854,0.9381947937080521,0.9353643479417053,daily_ots=46367.854; share=0.4568; deviation=6.395; robust_z=21.62
369305764258770457,2025-08-24,203755,dyson,Малая техника,59866.79699999999,0.9467849441852668,0.9353643479417053,daily_ots=59866.797; share=0.663; deviation=4.641; robust_z=28.817
369305764258770457,2025-09-26,213887,obba,Обувь,20777.14,0.9409514229721996,0.9353643479417053,daily_ots=20777.14; share=0.8994; deviation=2.698; robust_z=191.888
369305952269615221,2025-06-14,207543,huawei,Смартфоны,36646.83,0.9386633368596913,0.9353643479417053,daily_ots=36646.83; share=0.5203; deviation=4.162; robust_z=22.061
369306588173643414,2025-08-31,214199,oppo (электроника),Смартфоны,57389.178,0.9387688385563899,0.9353643479417053,daily_ots=57389.178; share=0.5773; deviation=3.464; robust_z=18.715
369306588173643414,2025-09-06,311362,tecno pova,Смартфоны,40180.296,0.9495768370302285,0.9353643479417053,daily_ots=40180.296; share=0.7706; deviation=3.853; robust_z=28.928
369306588173643414,2025-09-16,307306,tecno camon,Смартфоны,110532.13200000001,0.9495933126376581,0.9353643479417053,daily_ots=110532.132; share=0.7778; deviation=3.889; robust_z=25.363
369306588173643414,2025-09-17,307306,tecno camon,Смартфоны,60243.39,0.9524305856644872,0.9353643479417053,daily_ots=60243.39; share=0.7883; deviation=4.73; robust_z=27.592
369307611172934656,2025-10-22,208375,jbl (аудиотехника),Аудиотехника,21609.332,0.9366316343224479,0.9353643479417053,daily_ots=21609.332; share=0.5151; deviation=4.121; robust_z=17.455
441361688982367554,2025-06-14,201165,calvin klein,Одежда,85357.239,0.9438571998404468,0.9353643479417053,daily_ots=85357.239; share=0.938; deviation=2.814; robust_z=54.79
441361688982367554,2025-10-22,199450,balenciaga,Обувь,51410.85,0.945369198129296,0.9353643479417053,daily_ots=51410.85; share=0.7162; deviation=3.581; robust_z=36.076
442932828512505024,2025-07-14,311362,tecno pova,Смартфоны,24708.645,0.9366481099298776,0.9353643479417053,daily_ots=24708.645; share=0.6113; deviation=3.668; robust_z=17.532
442932828512505024,2025-08-08,207543,huawei,Смартфоны,53473.8,0.9405750854130175,0.9353643479417053,daily_ots=53473.8; share=0.4745; deviation=7.117; robust_z=36.509
442932828512505024,2025-08-08,213619,nokia,Смартфоны,53473.8,0.9411632935028298,0.9353643479417053,daily_ots=53473.8; share=0.7546; deviation=3.773; robust_z=12.824
504410216844887574,2025-06-06,201581,chappi,Корм для собак,43463.907,0.9392853633015962,0.9353643479417053,daily_ots=43463.907; share=0.702; deviation=3.51; robust_z=12.622
504410762191816834,2025-06-15,213619,nokia,Смартфоны,62851.449,0.945612863691808,0.9353643479417053,daily_ots=62851.449; share=0.8861; deviation=3.545; robust_z=56.901
576465923186619466,2025-06-16,369276,iqoo,Смартфоны,28088.226,0.945066856280675,0.9353643479417053,daily_ots=28088.226; share=0.6699; deviation=5.359; robust_z=26.732
576467810957597286,2025-07-30,307306,tecno camon,Смартфоны,38406.93,0.9479321667447091,0.9353643479417053,daily_ots=38406.93; share=0.7915; deviation=3.166; robust_z=68.011
648524241621891017,2025-06-05,197548,asics,Обувь,122836.833,0.9500699490701399,0.9353643479417053,daily_ots=122836.833; share=0.8904; deviation=3.561; robust_z=35.888
648524241621891017,2025-06-14,197548,asics,Обувь,70084.335,0.9463184243538383,0.9353643479417053,daily_ots=70084.335; share=0.7147; deviation=4.288; robust_z=16.738
648524241621891017,2025-06-26,197548,asics,Обувь,84150.204,0.9496459189631351,0.9353643479417053,daily_ots=84150.204; share=0.7569; deviation=4.541; robust_z=22.389
648524241621891017,2025-06-26,203835,ecco,Обувь,14025.034,0.9419367799147894,0.9353643479417053,daily_ots=14025.034; share=0.8924; deviation=2.677; robust_z=775.094
648524241621891017,2025-07-06,197627,adidas,Обувь,76081.884,0.9522944451188845,0.9353643479417053,daily_ots=76081.884; share=0.7296; deviation=5.836; robust_z=40.734
648524241621891017,2025-07-08,197627,adidas,Обувь,65558.705,0.9511772833168578,0.9353643479417053,daily_ots=65558.705; share=0.7059; deviation=5.648; robust_z=39.679
657537196568801346,2025-08-01,238974,tecno spark,Смартфоны,76098.174,0.9434112022568693,0.9353643479417053,daily_ots=76098.174; share=0.706; deviation=4.942; robust_z=27.679
657540071955486912,2025-06-29,207558,huggies,Подгузники,27512.532,0.9361917066995024,0.9353643479417053,daily_ots=27512.532; share=0.6322; deviation=3.793; robust_z=24.569
658983189719959233,2025-10-15,197548,asics,Обувь,20787.884,0.9368059289063088,0.9353643479417053,daily_ots=20787.884; share=0.7926; deviation=2.378; robust_z=80.61
720583759961119936,2025-06-12,197627,adidas,Одежда,23553.633,0.9433406750952407,0.9353643479417053,daily_ots=23553.633; share=0.658; deviation=3.948; robust_z=21.611
729594265295609632,2025-10-31,200656,bosch,Крупная техника,23178.684,0.9370403450050006,0.9353643479417053,daily_ots=23178.684; share=0.7968; deviation=3.187; robust_z=31.187
792639191900656652,2025-07-18,242139,яндекс,Аудиотехника,41674.039,0.9502511807518659,0.9353643479417053,daily_ots=41674.039; share=0.7058; deviation=4.941; robust_z=51.491
792639191900656652,2025-07-19,214973,philips,Малая техника,23115.933,0.9399909239636265,0.9353643479417053,daily_ots=23115.933; share=0.6743; deviation=3.371; robust_z=17.306
792640588831739337,2025-10-29,221942,xiaomi,Смарт-часы и браслеты,19345.83,0.9369695287976275,0.9353643479417053,daily_ots=19345.83; share=0.6524; deviation=3.262; robust_z=11.335
792640751260989745,2025-10-25,199814,befree,Одежда,39696.948,0.9451758265263062,0.9353643479417053,daily_ots=39696.948; share=0.6101; deviation=4.88; robust_z=28.457
801649609405801345,2025-10-22,218309,sony,Аудиотехника,23096.115,0.9363579080025204,0.9353643479417053,daily_ots=23096.115; share=0.5424; deviation=3.797; robust_z=12.219
801649609405801345,2025-10-28,208338,janome,Малая техника,17050.89,0.9356656434447316,0.9353643479417053,daily_ots=17050.89; share=0.7783; deviation=2.335; robust_z=78.194
801651201304651908,2025-10-01,221942,xiaomi,Малая техника,11609.231,0.9379239578455686,0.9353643479417053,daily_ots=11609.231; share=0.5427; deviation=3.799; robust_z=49.559
801651201304652231,2025-08-06,207286,hisense,Крупная техника,24517.104,0.944757577334189,0.9353643479417053,daily_ots=24517.104; share=0.9349; deviation=2.805; robust_z=628.272
802341714711045824,2025-07-16,207943,infinix,Смартфоны,59155.217000000004,0.9393414381760058,0.9353643479417053,daily_ots=59155.217; share=0.5214; deviation=5.735; robust_z=13.531
864698737912134848,2025-07-01,206402,google pixel,Смартфоны,65521.292,0.9421396900273438,0.9353643479417053,daily_ots=65521.292; share=0.7778; deviation=3.111; robust_z=13.933
864698737912134848,2025-08-02,214142,oneplus,Смартфоны,39825.666,0.9474078377644046,0.9353643479417053,daily_ots=39825.666; share=0.698; deviation=4.188; robust_z=22.164
864698737912134848,2025-09-20,214142,oneplus,Смартфоны,30629.878,0.9447341646288941,0.9353643479417053,daily_ots=30629.878; share=0.6394; deviation=3.837; robust_z=32.029
864698737912134848,2025-10-22,214142,oneplus,Смартфоны,101421.215,0.9383725568408458,0.9353643479417053,daily_ots=101421.215; share=0.7865; deviation=3.146; robust_z=7.966
936756002501340111,2025-06-09,207943,infinix,Смартфоны,61232.229,0.941056057531665,0.9353643479417053,daily_ots=61232.229; share=0.5088; deviation=6.106; robust_z=20.001
945768468522226048,2025-08-21,369276,iqoo,Смартфоны,21608.626,0.9386942647543399,0.9353643479417053,daily_ots=21608.626; share=0.6296; deviation=3.778; robust_z=29.348
946553516040883456,2025-08-23,197627,adidas,Обувь,80387.805,0.9451214859263627,0.9353643479417053,daily_ots=80387.805; share=0.5388; deviation=7.005; robust_z=56.315
946914460040435776,2025-10-16,213474,nike,Обувь,172244.184,0.945997583577577,0.9353643479417053,daily_ots=172244.184; share=0.5578; deviation=8.367; robust_z=38.137
947494056560982336,2025-09-30,197627,adidas,Одежда,36074.090000000004,0.9433970390153945,0.9353643479417053,daily_ots=36074.09; share=0.6345; deviation=3.807; robust_z=32.716
1008811791543195049,2025-06-30,210322,lg,Крупная техника,24338.278,0.9383653306972362,0.9353643479417053,daily_ots=24338.278; share=0.5385; deviation=4.308; robust_z=22.379
1008814384946819138,2025-10-08,221896,xplode,Обувь,13715.344,0.9395180451258216,0.9353643479417053,daily_ots=13715.344; share=0.7214; deviation=2.886; robust_z=15.343
1018435448109585216,2025-07-02,207943,infinix,Смартфоны,54730.112,0.9408999728297001,0.9353643479417053,daily_ots=54730.112; share=0.5109; deviation=6.13; robust_z=24.707
1018435448109585216,2025-08-07,213619,nokia,Смартфоны,14160.996,0.9419298428169243,0.9353643479417053,daily_ots=14160.996; share=0.6575; deviation=3.945; robust_z=27.369
1161942649620631617,2025-06-28,238974,tecno spark,Смартфоны,31062.318,0.9475379083493755,0.9353643479417053,daily_ots=31062.318; share=0.6588; deviation=4.612; robust_z=36.126
1161942649620631617,2025-10-28,220042,toshiba,Крупная техника,50384.79,0.9387650809617131,0.9353643479417053,daily_ots=50384.79; share=0.7017; deviation=3.508; robust_z=9.443
1162022737893971328,2025-07-22,221229,vivo (электроника),Смартфоны,10073.696,0.9451778498465166,0.9353643479417053,daily_ots=10073.696; share=0.7824; deviation=3.13; robust_z=29.159
1224996632231164864,2025-06-26,221229,vivo (электроника),Смартфоны,39733.806000000004,0.9371123173953511,0.9353643479417053,daily_ots=39733.806; share=0.5203; deviation=4.683; robust_z=13.901
1233997180257176773,2025-09-08,307306,tecno camon,Смартфоны,25172.289000000004,0.9417645086511393,0.9353643479417053,daily_ots=25172.289; share=0.6112; deviation=4.278; robust_z=17.29
1233998501833434304,2025-07-29,204459,estel,Краски для волос,77361.39,0.9355454004150698,0.9353643479417053,daily_ots=77361.39; share=0.7298; deviation=2.919; robust_z=13.377
1297043019275485478,2025-07-23,369276,iqoo,Смартфоны,142407.89500000002,0.9547539353578098,0.9353643479417053,daily_ots=142407.895; share=0.8314; deviation=5.82; robust_z=45.483
1297043776825667136,2025-09-27,218309,sony,Малая техника,70512.696,0.9423350849505443,0.9353643479417053,daily_ots=70512.696; share=0.9151; deviation=2.745; robust_z=40.117
1297043776825667136,2025-09-28,218309,sony,Малая техника,78803.59999999999,0.9457990091511883,0.9353643479417053,daily_ots=78803.6; share=0.9645; deviation=2.894; robust_z=208.911
1306055321721055758,2025-09-08,213565,nivea,Товары для ухода за телом,21294.76,0.9371709936814601,0.9353643479417053,daily_ots=21294.76; share=0.7532; deviation=3.013; robust_z=17.221
1306055321721055829,2025-06-30,197627,adidas,Одежда,41617.116,0.9436276975194094,0.9353643479417053,daily_ots=41617.116; share=0.785; deviation=3.14; robust_z=82.108
1306055918923481346,2025-09-23,197548,asics,Обувь,54272.11200000001,0.9393145569217785,0.9353643479417053,daily_ots=54272.112; share=0.7418; deviation=2.967; robust_z=16.129
1306055918923481346,2025-09-29,197548,asics,Обувь,52865.79,0.9471401814051091,0.9353643479417053,daily_ots=52865.79; share=0.6742; deviation=4.72; robust_z=21.268
1306055918923481346,2025-10-29,369276,iqoo,Смартфоны,71813.9,0.9451073226848882,0.9353643479417053,daily_ots=71813.9; share=0.7005; deviation=4.203; robust_z=14.932
1306055918923481346,2025-10-30,369276,iqoo,Смартфоны,204047.008,0.9569434568714845,0.9353643479417053,daily_ots=204047.008; share=0.8118; deviation=8.118; robust_z=127.984
1306110973670995840,2025-09-07,238974,tecno spark,Смартфоны,71653.824,0.9493317262389945,0.9353643479417053,daily_ots=71653.824; share=0.8522; deviation=3.409; robust_z=43.428
1306806058556077568,2025-06-01,207447,honor,Смартфоны,285217.91000000003,0.9532159229519663,0.9353643479417053,daily_ots=285217.91; share=0.6797; deviation=13.594; robust_z=157.751
1306806058556077568,2025-06-01,207543,huawei,Смартфоны,57043.582,0.9407337715266818,0.9353643479417053,daily_ots=57043.582; share=0.4728; deviation=7.093; robust_z=35.714
1306806058556077568,2025-06-01,215234,poco,Смартфоны,85565.373,0.9403588791962216,0.9353643479417053,daily_ots=85565.373; share=0.4931; deviation=6.41; robust_z=22.568
1306806058556077568,2025-06-03,207543,huawei,Смартфоны,56454.64,0.9354618661949441,0.9353643479417053,daily_ots=56454.64; share=0.4676; deviation=4.676; robust_z=19.451
1369101347001710020,2025-07-11,198504,apple watch,Смарт-часы и браслеты,42622.156,0.9413659145696398,0.9353643479417053,daily_ots=42622.156; share=0.8364; deviation=3.346; robust_z=82.743
1369101741337282579,2025-06-09,217082,samsung,Смартфоны,27100.074,0.935463311423666,0.9353643479417053,daily_ots=27100.074; share=0.8404; deviation=3.362; robust_z=26.511
1369101741337283412,2025-09-23,213658,nordman,Детские одежда и обувь,23521.551,0.9445538000844014,0.9353643479417053,daily_ots=23521.551; share=0.7671; deviation=3.068; robust_z=30.573
1378110665222670401,2025-10-11,281079,samsung galaxy,Смарт-часы и браслеты,34721.912,0.9476795407641213,0.9353643479417053,daily_ots=34721.912; share=0.7279; deviation=3.64; robust_z=66.105
1378110665222670401,2025-10-31,281079,samsung galaxy,Аудиотехника,17736.765,0.9426417624853309,0.9353643479417053,daily_ots=17736.765; share=0.8798; deviation=2.639; robust_z=1500.578
1513216533926154380,2025-06-10,219306,tcl (техника),Крупная техника,25082.984,0.950032662169115,0.9353643479417053,daily_ots=25082.984; share=0.7825; deviation=3.913; robust_z=29.347
1522228125953156999,2025-10-17,216182,redmond (бытовая техника),Малая техника,15332.625,0.9420590462646619,0.9353643479417053,daily_ots=15332.625; share=0.6597; deviation=3.299; robust_z=42.799
1522229159996371777,2025-08-31,213360,new balance,Обувь,30272.362,0.9489793794765959,0.9353643479417053,daily_ots=30272.362; share=0.8793; deviation=3.517; robust_z=40.973
1585271561336584729,2025-06-17,212017,midea,Крупная техника,41286.216,0.9408054548712879,0.9353643479417053,daily_ots=41286.216; share=0.9196; deviation=2.759; robust_z=20.186
1585271561336585963,2025-10-16,201263,caprice,Обувь,59405.81,0.9412500072261437,0.9353643479417053,daily_ots=59405.81; share=0.9408; deviation=2.822; robust_z=25.265
1585271561336611199,2025-06-04,216575,roborock,Малая техника,42384.638999999996,0.9396365538810172,0.9353643479417053,daily_ots=42384.639; share=0.8834; deviation=2.65; robust_z=19.489
1585271561336611199,2025-06-06,203587,dreame,Малая техника,42697.686,0.940788690218114,0.9353643479417053,daily_ots=42697.686; share=0.8836; deviation=2.651; robust_z=28.408
1585271561336611199,2025-06-26,198504,apple watch,Смарт-часы и браслеты,50923.26299999999,0.9433716029898891,0.9353643479417053,daily_ots=50923.263; share=0.795; deviation=3.18; robust_z=16.769
1585271561336614331,2025-10-20,216798,royal canin,Корм для кошек,42191.318999999996,0.9440875692987172,0.9353643479417053,daily_ots=42191.319; share=0.6387; deviation=4.471; robust_z=16.982
1585271561336614914,2025-09-08,207286,hisense,Крупная техника,37333.2,0.9436788586161646,0.9353643479417053,daily_ots=37333.2; share=0.9274; deviation=2.782; robust_z=31.012
1585271561336615171,2025-10-24,214365,ostin,Одежда,27628.085,0.9395330755045295,0.9353643479417053,daily_ots=27628.085; share=0.7201; deviation=2.881; robust_z=17.641
1585271561336618120,2025-08-05,242139,яндекс,Аудиотехника,60852.47,0.9362301497835048,0.9353643479417053,daily_ots=60852.47; share=0.4219; deviation=5.484; robust_z=33.903
1585271561336618707,2025-10-28,215274,polaris (бытовая техника),Малая техника,56646.615000000005,0.9432077140528261,0.9353643479417053,daily_ots=56646.615; share=0.7001; deviation=3.501; robust_z=39.305
1585271561336619618,2025-06-30,207543,huawei,Смартфоны,43798.896,0.9405802882364164,0.9353643479417053,daily_ots=43798.896; share=0.6012; deviation=4.809; robust_z=17.795
1585271561336624659,2025-06-14,217082,samsung,Смартфоны,118156.27600000001,0.9428053623766499,0.9353643479417053,daily_ots=118156.276; share=0.7529; deviation=6.023; robust_z=48.257
1585271561336628314,2025-06-16,206804,haier,Крупная техника,23162.662,0.9405450246556021,0.9353643479417053,daily_ots=23162.662; share=0.7037; deviation=4.222; robust_z=22.778
1585271561336632628,2025-08-18,214553,panasonic,Малая техника,31786.991,0.9482553198869254,0.9353643479417053,daily_ots=31786.991; share=0.8171; deviation=3.268; robust_z=66.104
1585271561336650970,2025-10-08,201481,celimax,Средства для умывания и ухода за лицом,30449.538,0.9379658694785037,0.9353643479417053,daily_ots=30449.538; share=0.832; deviation=2.496; robust_z=51.27
1585271561336660303,2025-06-18,214199,oppo (электроника),Смартфоны,45107.164,0.9380924715145419,0.9353643479417053,daily_ots=45107.164; share=0.8465; deviation=2.54; robust_z=311.375
1585271561336660303,2025-06-18,221229,vivo (электроника),Смартфоны,112767.90999999999,0.9465909944907882,0.9353643479417053,daily_ots=112767.91; share=0.5675; deviation=6.81; robust_z=51.554
1585271561336660770,2025-10-07,199911,belwest,Обувь,21163.984,0.9406242231895621,0.9353643479417053,daily_ots=21163.984; share=0.9086; deviation=2.726; robust_z=42.913
1585271561336662295,2025-10-01,206252,gloria jeans,Одежда,17641.86,0.9416477341704099,0.9353643479417053,daily_ots=17641.86; share=0.8513; deviation=2.554; robust_z=79.046
1585271561336684477,2025-07-29,207543,huawei,Смарт-часы и браслеты,38107.97,0.9355780625841846,0.9353643479417053,daily_ots=38107.97; share=0.6547; deviation=3.928; robust_z=19.16
1585271561336690460,2025-09-15,214553,panasonic,Малая техника,12658.348,0.9353936513992704,0.9353643479417053,daily_ots=12658.348; share=0.8165; deviation=2.449; robust_z=17.804
1585271561336690460,2025-10-26,214553,panasonic,Малая техника,29910.012000000002,0.9403539654185671,0.9353643479417053,daily_ots=29910.012; share=0.7351; deviation=2.94; robust_z=17.784
1585271561336694823,2025-09-25,311362,tecno pova,Смартфоны,18441.228,0.9377771226074239,0.9353643479417053,daily_ots=18441.228; share=0.4403; deviation=5.723; robust_z=28.56
1585271561336695864,2025-06-01,215274,polaris (бытовая техника),Малая техника,23751.957000000002,0.9395362550077175,0.9353643479417053,daily_ots=23751.957; share=0.5442; deviation=4.353; robust_z=33.268
1585271561336710324,2025-08-21,221942,xiaomi,Смарт-часы и браслеты,39952.916,0.9455134319557414,0.9353643479417053,daily_ots=39952.916; share=0.695; deviation=4.17; robust_z=30.165
1585271561336714584,2025-07-24,242139,яндекс,Аудиотехника,47728.696,0.9394012706450924,0.9353643479417053,daily_ots=47728.696; share=0.45; deviation=6.751; robust_z=32.916
1585271561336717022,2025-09-25,206804,haier,Крупная техника,131955.626,0.9504535127729314,0.9353643479417053,daily_ots=131955.626; share=0.7817; deviation=4.69; robust_z=29.228
1585271561336724594,2025-06-10,206041,geox,Обувь,67734.478,0.9447960204181914,0.9353643479417053,daily_ots=67734.478; share=0.9116; deviation=2.735; robust_z=73.228
1585271561336724594,2025-07-08,210322,lg,Крупная техника,48023.142,0.9447529526022789,0.9353643479417053,daily_ots=48023.142; share=0.5609; deviation=5.048; robust_z=45.663
1585271561336762631,2025-06-20,215274,polaris (бытовая техника),Малая техника,34544.688,0.9387671042819237,0.9353643479417053,daily_ots=34544.688; share=0.6964; deviation=2.786; robust_z=19.841
1585271561336777542,2025-10-12,210440,lime (одежда),Одежда,19283.838,0.9403181237462641,0.9353643479417053,daily_ots=19283.838; share=0.8397; deviation=2.519; robust_z=53.865
1585271561336784959,2025-08-26,242139,яндекс,Аудиотехника,54238.21799999999,0.9389387974540852,0.9353643479417053,daily_ots=54238.218; share=0.4867; deviation=5.84; robust_z=25.761
1585271561336804332,2025-10-01,200656,bosch,Крупная техника,47983.418000000005,0.9391191619985779,0.9353643479417053,daily_ots=47983.418; share=0.7928; deviation=3.171; robust_z=9.999
1585271561336804690,2025-08-08,206519,grass,Универсальные чистящие средства,18624.774,0.93769040888411,0.9353643479417053,daily_ots=18624.774; share=0.5553; deviation=3.332; robust_z=30.678
1585271561336806379,2025-10-01,221942,xiaomi,Крупная техника,21429.408,0.9360442933698688,0.9353643479417053,daily_ots=21429.408; share=0.732; deviation=2.928; robust_z=10.08
1585271561336806379,2025-10-26,217082,samsung,Крупная техника,27509.958000000002,0.9372764953781586,0.9353643479417053,daily_ots=27509.958; share=0.51; deviation=4.08; robust_z=18.194
1585271561336807123,2025-09-28,242139,яндекс,Аудиотехника,72806.44,0.9482258372209986,0.9353643479417053,daily_ots=72806.44; share=0.5859; deviation=7.031; robust_z=70.639
1585271561336808997,2025-07-05,204933,felix (корм),Корм для кошек,24698.394,0.935474873253441,0.9353643479417053,daily_ots=24698.394; share=0.5751; deviation=4.026; robust_z=15.319
1585271561336810756,2025-10-22,216182,redmond (бытовая техника),Малая техника,8171.1539999999995,0.9363235115589393,0.9353643479417053,daily_ots=8171.154; share=0.711; deviation=2.844; robust_z=18.607
1585271561336820883,2025-06-12,216194,reebok,Обувь,94998.933,0.9400342808252834,0.9353643479417053,daily_ots=94998.933; share=0.6191; deviation=3.715; robust_z=16.278
1585271561336820883,2025-09-03,206402,google pixel,Смартфоны,32547.54,0.938618823815057,0.9353643479417053,daily_ots=32547.54; share=0.6021; deviation=3.613; robust_z=15.919
1585271561336824147,2025-09-15,221229,vivo (электроника),Смартфоны,40382.796,0.9372741830122036,0.9353643479417053,daily_ots=40382.796; share=0.5315; deviation=3.721; robust_z=21.577
1585271561336824147,2025-10-03,221229,vivo (электроника),Смартфоны,55339.632,0.9486461097333264,0.9353643479417053,daily_ots=55339.632; share=0.7019; deviation=4.913; robust_z=21.518
1585271561336838474,2025-07-08,216394,rexona,Дезодоранты,16849.38,0.9422272708878907,0.9353643479417053,daily_ots=16849.38; share=0.7672; deviation=3.069; robust_z=16.177
1585271561336866220,2025-07-27,210322,lg,Крупная техника,35079.024,0.9448613447564213,0.9353643479417053,daily_ots=35079.024; share=0.5857; deviation=4.685; robust_z=40.541
1585271561336872859,2025-06-01,218309,sony,Малая техника,15401.38,0.9467427435065874,0.9353643479417053,daily_ots=15401.38; share=0.7922; deviation=3.169; robust_z=30.25
1585271561336877696,2025-08-13,218309,sony,Аудиотехника,38328.003000000004,0.9362532734430551,0.9353643479417053,daily_ots=38328.003; share=0.642; deviation=3.21; robust_z=18.224
1585271561336878967,2025-08-08,201236,canon,Малая техника,39294.875,0.941619696733205,0.9353643479417053,daily_ots=39294.875; share=0.8713; deviation=2.614; robust_z=70.214
1585271561336878967,2025-10-20,201236,canon,Малая техника,20155.251,0.9444665082695988,0.9353643479417053,daily_ots=20155.251; share=0.7668; deviation=3.067; robust_z=46.761
1585271561336879976,2025-10-04,369276,iqoo,Смартфоны,27948.216999999997,0.9467647109831603,0.9353643479417053,daily_ots=27948.217; share=0.7501; deviation=3.751; robust_z=16.492
1585271561336884663,2025-09-10,221942,xiaomi,Малая техника,25275.465,0.9356185289883977,0.9353643479417053,daily_ots=25275.465; share=0.5098; deviation=4.588; robust_z=20.271
1585271561336888673,2025-06-15,214553,panasonic,Малая техника,88508.16,0.9429675170392466,0.9353643479417053,daily_ots=88508.16; share=0.9422; deviation=2.826; robust_z=25.836
1585271561336888673,2025-06-15,221229,vivo (электроника),Смартфоны,44254.08,0.9399065226062677,0.9353643479417053,daily_ots=44254.08; share=0.4809; deviation=5.29; robust_z=37.138
1585271561336892046,2025-09-16,202901,delonghi,Малая техника,39974.119999999995,0.9372941271685657,0.9353643479417053,daily_ots=39974.12; share=0.8847; deviation=2.654; robust_z=23.53
1585271561336901830,2025-07-02,215234,poco,Смартфоны,190899.396,0.9433253556707885,0.9353643479417053,daily_ots=190899.396; share=0.4813; deviation=12.515; robust_z=70.688
1585271561336901830,2025-07-29,207943,infinix,Смартфоны,50318.44499999999,0.9374941468236764,0.9353643479417053,daily_ots=50318.445; share=0.4978; deviation=5.476; robust_z=13.232
1585271561336901830,2025-08-13,238974,tecno spark,Смартфоны,35033.9,0.9433117705208026,0.9353643479417053,daily_ots=35033.9; share=0.6542; deviation=3.925; robust_z=20.452
1585271561336901830,2025-08-16,311362,tecno pova,Смартфоны,36094.652,0.946091234398756,0.9353643479417053,daily_ots=36094.652; share=0.6473; deviation=4.531; robust_z=28.15
1585271561336901830,2025-08-29,203071,dexp,Крупная техника,85489.48000000001,0.9503511905794212,0.9353643479417053,daily_ots=85489.48; share=0.7352; deviation=5.147; robust_z=23.707
1585271561336901830,2025-10-08,238974,tecno spark,Смартфоны,85262.692,0.9462322887220131,0.9353643479417053,daily_ots=85262.692; share=0.7373; deviation=4.424; robust_z=13.462
1585271561336901830,2025-10-15,238974,tecno spark,Смартфоны,88374.756,0.951261973719961,0.9353643479417053,daily_ots=88374.756; share=0.7116; deviation=5.693; robust_z=36.479
1585271561336913416,2025-08-10,208375,jbl (аудиотехника),Аудиотехника,39924.485,0.9386792343756323,0.9353643479417053,daily_ots=39924.485; share=0.6773; deviation=4.064; robust_z=11.077
1585271561336915000,2025-10-07,213474,nike,Обувь,78602.364,0.9538402617598262,0.9353643479417053,daily_ots=78602.364; share=0.7899; deviation=5.53; robust_z=72.937
1585271561336916995,2025-09-21,221942,xiaomi,Смартфоны,157515.632,0.947787354826775,0.9353643479417053,daily_ots=157515.632; share=0.5662; deviation=11.889; robust_z=76.099
1585271561336920078,2025-08-16,214142,oneplus,Аудиотехника,28789.800000000003,0.9360893845059919,0.9353643479417053,daily_ots=28789.8; share=0.9006; deviation=2.702; robust_z=29.418
1585271561336924298,2025-06-02,205948,gefest (бытовая техника),Крупная техника,47262.024,0.9390671337645897,0.9353643479417053,daily_ots=47262.024; share=0.5563; deviation=5.006; robust_z=21.085
1585271561336934307,2025-09-09,238974,tecno spark,Смартфоны,94770.567,0.9462302654018024,0.9353643479417053,daily_ots=94770.567; share=0.6237; deviation=6.861; robust_z=40.467
1585271561336938714,2025-07-01,197627,adidas,Одежда,24699.594,0.9438074839724135,0.9353643479417053,daily_ots=24699.594; share=0.5622; deviation=5.06; robust_z=32.836
1585271561336938714,2025-09-18,197627,adidas,Одежда,88442.508,0.9530751576744536,0.9353643479417053,daily_ots=88442.508; share=0.8704; deviation=4.352; robust_z=35.41
1585271561336939603,2025-07-03,214544,pampers,Подгузники,80635.659,0.946172745298671,0.9353643479417053,daily_ots=80635.659; share=0.5717; deviation=7.432; robust_z=26.29
1585271561336939603,2025-07-19,203587,dreame,Малая техника,85413.315,0.9504665198314286,0.9353643479417053,daily_ots=85413.315; share=0.8059; deviation=4.029; robust_z=23.711
1585271561336939603,2025-07-28,208353,jarvi elaman,Корм для кошек,27032.607,0.9374198620673708,0.9353643479417053,daily_ots=27032.607; share=0.8676; deviation=2.603; robust_z=12.313
1585271561336939603,2025-08-03,214544,pampers,Подгузники,82365.99299999999,0.9541602353988543,0.9353643479417053,daily_ots=82365.993; share=0.8081; deviation=4.849; robust_z=56.129
1585271561336939603,2025-08-19,214544,pampers,Подгузники,26669.232,0.9373987617280313,0.9353643479417053,daily_ots=26669.232; share=0.6093; deviation=3.047; robust_z=22.675
1585271561336939603,2025-08-24,210037,lc waikiki,Одежда,27339.904,0.939399536370626,0.9353643479417053,daily_ots=27339.904; share=0.8489; deviation=2.547; robust_z=25.404
1585271561336939603,2025-09-01,207558,huggies,Подгузники,53263.826,0.9394324875854854,0.9353643479417053,daily_ots=53263.826; share=0.8257; deviation=2.477; robust_z=394.799
1585271561336939603,2025-09-01,214544,pampers,Подгузники,159791.478,0.9579805530023181,0.9353643479417053,daily_ots=159791.478; share=0.8452; deviation=8.452; robust_z=184.044
1585271561336939603,2025-10-15,206804,haier,Крупная техника,40933.416,0.9410505656625218,0.9353643479417053,daily_ots=40933.416; share=0.5829; deviation=4.08; robust_z=16.819
1585271561336939603,2025-10-16,206804,haier,Крупная техника,76136.667,0.9504491770867658,0.9353643479417053,daily_ots=76136.667; share=0.7342; deviation=4.405; robust_z=36.385
1585271561336940537,2025-06-02,215234,poco,Смартфоны,79383.05099999999,0.9442792066272407,0.9353643479417053,daily_ots=79383.051; share=0.5273; deviation=6.855; robust_z=47.882
1585271561336947985,2025-09-26,311362,tecno pova,Смартфоны,30206.636,0.9389119161998578,0.9353643479417053,daily_ots=30206.636; share=0.5241; deviation=5.241; robust_z=20.062
1585271561336948257,2025-06-17,214036,ollin,Средства для волос,22448.585,0.9417390726256337,0.9353643479417053,daily_ots=22448.585; share=0.8693; deviation=2.608; robust_z=159.858
1585271561336953913,2025-07-04,213619,nokia,Смартфоны,17299.917,0.9446523646832348,0.9353643479417053,daily_ots=17299.917; share=0.8266; deviation=3.307; robust_z=25.818
1585271561336957025,2025-08-24,307306,tecno camon,Смартфоны,21480.516,0.9422830567165559,0.9353643479417053,daily_ots=21480.516; share=0.6769; deviation=3.384; robust_z=19.808
1585271561336968320,2025-06-07,216182,redmond (бытовая техника),Малая техника,17566.995,0.9389879352306296,0.9353643479417053,daily_ots=17566.995; share=0.6576; deviation=3.288; robust_z=24.92
1585271561336969570,2025-06-22,214199,oppo (электроника),Смартфоны,30689.938,0.9354338287577392,0.9353643479417053,daily_ots=30689.938; share=0.5592; deviation=3.914; robust_z=16.118
1585271561336969686,2025-06-16,311362,tecno pova,Смартфоны,47768.187,0.9459828422446136,0.9353643479417053,daily_ots=47768.187; share=0.6515; deviation=4.561; robust_z=19.208
1585271561336969686,2025-06-19,311362,tecno pova,Смартфоны,48947.394,0.946304550158108,0.9353643479417053,daily_ots=48947.394; share=0.8065; deviation=3.226; robust_z=23.419
1585271561336969686,2025-07-04,221229,vivo (электроника),Смартфоны,24833.734,0.9354482810449583,0.9353643479417053,daily_ots=24833.734; share=0.5211; deviation=3.648; robust_z=14.824
1585271561336969686,2025-07-21,311362,tecno pova,Смартфоны,23596.678,0.9505835833579022,0.9353643479417053,daily_ots=23596.678; share=0.8651; deviation=3.46; robust_z=43.53
1585271561336969686,2025-08-19,207543,huawei,Смарт-часы и браслеты,74891.952,0.9386014810703942,0.9353643479417053,daily_ots=74891.952; share=0.4367; deviation=5.677; robust_z=61.114
1585271561336969923,2025-06-12,281079,samsung galaxy,Смарт-часы и браслеты,58790.52,0.9497817704629935,0.9353643479417053,daily_ots=58790.52; share=0.8701; deviation=3.48; robust_z=126.488
1585271561336980005,2025-07-30,215274,polaris (бытовая техника),Малая техника,19309.884,0.9370461259198881,0.9353643479417053,daily_ots=19309.884; share=0.6251; deviation=3.126; robust_z=26.447
1585271561336981327,2025-07-01,242139,яндекс,Крупная техника,26760.932,0.9388387876265298,0.9353643479417053,daily_ots=26760.932; share=0.7476; deviation=3.738; robust_z=35.312
1585271561336983258,2025-09-20,216181,redmi,Смарт-часы и браслеты,37330.2,0.946358601712307,0.9353643479417053,daily_ots=37330.2; share=0.6794; deviation=4.076; robust_z=21.082
1585271561336986701,2025-08-22,206402,google pixel,Смартфоны,48794.845,0.945388275148425,0.9353643479417053,daily_ots=48794.845; share=0.6676; deviation=4.006; robust_z=21.387
1585271561336992295,2025-06-11,209225,kitekat,Корм для кошек,35721.883,0.9383615731025592,0.9353643479417053,daily_ots=35721.883; share=0.9343; deviation=2.803; robust_z=39.891
1585271561336992295,2025-06-29,206519,grass,Универсальные чистящие средства,40523.076,0.9441953833613708,0.9353643479417053,daily_ots=40523.076; share=0.8426; deviation=3.37; robust_z=29.769
1585271561336995405,2025-10-24,208810,kari,Обувь,20021.498,0.9438910181925392,0.9353643479417053,daily_ots=20021.498; share=0.6706; deviation=4.023; robust_z=19.395
1585271561336997124,2025-08-08,221229,vivo (электроника),Смартфоны,16294.268,0.9354060803662787,0.9353643479417053,daily_ots=16294.268; share=0.6996; deviation=2.798; robust_z=12.19
1585271561336999191,2025-06-14,203587,dreame,Малая техника,47884.62,0.937081100454958,0.9353643479417053,daily_ots=47884.62; share=0.8352; deviation=2.506; robust_z=51.238
1585271561336999756,2025-10-09,221942,xiaomi,Малая техника,46402.959,0.9386795234213767,0.9353643479417053,daily_ots=46402.959; share=0.5608; deviation=5.047; robust_z=15.514
1585271561337001691,2025-06-19,207902,indesit,Крупная техника,138332.668,0.9440442124370602,0.9353643479417053,daily_ots=138332.668; share=0.9637; deviation=2.891; robust_z=416.769
1585271561337001691,2025-06-25,210322,lg,Крупная техника,70991.292,0.9533563991837348,0.9353643479417053,daily_ots=70991.292; share=0.8774; deviation=4.387; robust_z=64.722
1585271561337001691,2025-06-26,199833,beko,Крупная техника,283985.964,0.9419503650647751,0.9353643479417053,daily_ots=283985.964; share=0.9255; deviation=2.777; robust_z=550.917
1585271561337001691,2025-06-26,206804,haier,Крупная техника,70996.491,0.9542868374348925,0.9353643479417053,daily_ots=70996.491; share=0.8401; deviation=5.041; robust_z=61.174
1585271561337001691,2025-06-27,199833,beko,Крупная техника,138379.768,0.9523788464762434,0.9353643479417053,daily_ots=138379.768; share=0.8719; deviation=4.359; robust_z=33.524
1585271561337001691,2025-07-07,207328,hoco,Аудиотехника,176702.2,0.9499852586670368,0.9353643479417053,daily_ots=176702.2; share=0.9143; deviation=3.657; robust_z=36.453
1585271561337001691,2025-09-03,217082,samsung,Крупная техника,92838.332,0.942798714324529,0.9353643479417053,daily_ots=92838.332; share=0.833; deviation=3.332; robust_z=14.362
1585271561337003723,2025-07-10,215234,poco,Смартфоны,118439.30399999999,0.937873952931791,0.9353643479417053,daily_ots=118439.304; share=0.4203; deviation=10.088; robust_z=26.698
1585271561337003723,2025-08-14,218466,splat,Уход за полостью рта,26912.476,0.9380910262858201,0.9353643479417053,daily_ots=26912.476; share=0.6386; deviation=3.193; robust_z=16.871
1585271561337008237,2025-08-28,242139,яндекс,Аудиотехника,57827.145000000004,0.9465222016036259,0.9353643479417053,daily_ots=57827.145; share=0.5712; deviation=6.855; robust_z=40.844
1585271561337008237,2025-10-30,217082,samsung,Крупная техника,25218.6,0.9416251886023482,0.9353643479417053,daily_ots=25218.6; share=0.5332; deviation=5.332; robust_z=21.695
1585271561337009782,2025-08-04,214142,oneplus,Смартфоны,26745.48,0.9450344831573044,0.9353643479417053,daily_ots=26745.48; share=0.6873; deviation=4.124; robust_z=15.162
1585271561337011960,2025-06-07,205948,gefest (бытовая техника),Крупная техника,21976.945,0.9355182301150979,0.9353643479417053,daily_ots=21976.945; share=0.6878; deviation=2.751; robust_z=20.473
1585271561337011960,2025-06-25,217082,samsung,Крупная техника,25639.376,0.9411615592283635,0.9353643479417053,daily_ots=25639.376; share=0.5962; deviation=3.577; robust_z=40.301
1585271561337011960,2025-08-07,239355,триколор,Крупная техника,101702.75399999999,0.9436826162108416,0.9353643479417053,daily_ots=101702.754; share=0.9388; deviation=2.816; robust_z=27.673
1585271561337012029,2025-06-10,215234,poco,Смартфоны,101085.678,0.9385558118427823,0.9353643479417053,daily_ots=101085.678; share=0.4099; deviation=11.067; robust_z=69.342
1585271561337012029,2025-06-19,219362,tecno,Смартфоны,49753.47,0.9445494643982357,0.9353643479417053,daily_ots=49753.47; share=0.7127; deviation=4.276; robust_z=12.966
1585271561337012029,2025-06-20,211419,marshall (электроника),Аудиотехника,47176.115,0.9401605938155773,0.9353643479417053,daily_ots=47176.115; share=0.9023; deviation=2.707; robust_z=25.09
1585271561337012029,2025-06-28,311362,tecno pova,Смартфоны,91556.91,0.9530179266170664,0.9353643479417053,daily_ots=91556.91; share=0.8505; deviation=4.252; robust_z=73.243
1585271561337012029,2025-07-09,242139,яндекс,Аудиотехника,69070.304,0.9428568125191494,0.9353643479417053,daily_ots=69070.304; share=0.5709; deviation=5.709; robust_z=16.187
1585271561337020061,2025-08-26,207943,infinix,Смартфоны,33449.379,0.9399209748934867,0.9353643479417053,daily_ots=33449.379; share=0.4507; deviation=6.76; robust_z=42.908
1585271561337020061,2025-09-01,208375,jbl (аудиотехника),Аудиотехника,24590.182,0.9390867888752074,0.9353643479417053,daily_ots=24590.182; share=0.5971; deviation=3.583; robust_z=16.127
1585271561337020061,2025-09-03,211419,marshall (электроника),Аудиотехника,23673.754,0.9363382528919028,0.9353643479417053,daily_ots=23673.754; share=0.7432; deviation=2.973; robust_z=9.195
1585271561337020061,2025-09-04,208375,jbl (аудиотехника),Аудиотехника,58591.24,0.944522294098264,0.9353643479417053,daily_ots=58591.24; share=0.7306; deviation=3.653; robust_z=15.307
1585271561337020061,2025-09-04,211419,marshall (электроника),Аудиотехника,46872.992,0.945935149696791,0.9353643479417053,daily_ots=46872.992; share=0.8104; deviation=3.242; robust_z=22.07
1585271561337020061,2025-09-05,208375,jbl (аудиотехника),Аудиотехника,23430.102,0.9387110294075139,0.9353643479417053,daily_ots=23430.102; share=0.7441; deviation=2.977; robust_z=12.378
1585271561337020061,2025-09-05,211419,marshall (электроника),Аудиотехника,49521.365999999995,0.9412939421792893,0.9353643479417053,daily_ots=49521.366; share=0.8896; deviation=2.669; robust_z=22.16
1585271561337020657,2025-08-14,221942,xiaomi,Смарт-часы и браслеты,32039.822,0.9481605128827688,0.9353643479417053,daily_ots=32039.822; share=0.6888; deviation=4.822; robust_z=30.585
1585271561337020657,2025-09-22,210322,lg,Крупная техника,30177.11,0.9413049259175758,0.9353643479417053,daily_ots=30177.11; share=0.559; deviation=4.472; robust_z=27.047
1585271561337023406,2025-09-17,213474,nike,Обувь,26815.14,0.9389954504199836,0.9353643479417053,daily_ots=26815.14; share=0.4986; deviation=4.986; robust_z=23.418
1585271561337023406,2025-09-17,220740,vans,Обувь,26815.14,0.9395330755045292,0.9353643479417053,daily_ots=26815.14; share=0.8872; deviation=2.662; robust_z=269.306
1585271561337023951,2025-08-13,206519,grass,Универсальные чистящие средства,46911.102,0.9447376331778267,0.9353643479417053,daily_ots=46911.102; share=0.713; deviation=4.278; robust_z=15.773
1585271561337023951,2025-09-29,206804,haier,Крупная техника,28087.832,0.9383635964227699,0.9353643479417053,daily_ots=28087.832; share=0.5338; deviation=4.271; robust_z=22.377
1585271561337024794,2025-07-20,242139,яндекс,Аудиотехника,44183.248,0.9371105831208848,0.9353643479417053,daily_ots=44183.248; share=0.4259; deviation=6.814; robust_z=26.098
1585271561337025775,2025-06-21,214142,oneplus,Смартфоны,23830.216,0.9410057635721429,0.9353643479417053,daily_ots=23830.216; share=0.6992; deviation=3.496; robust_z=15.04
1585271561337025775,2025-08-09,201225,candy,Крупная техника,35763.492,0.9421714850592254,0.9353643479417053,daily_ots=35763.492; share=0.9085; deviation=2.726; robust_z=3417.616
1585271561337026298,2025-07-29,203587,dreame,Малая техника,64971.536,0.950674054675893,0.9353643479417053,daily_ots=64971.536; share=0.8998; deviation=3.599; robust_z=36.197
1585271561337028235,2025-06-19,207558,huggies,Подгузники,26266.308,0.9365611071608194,0.9353643479417053,daily_ots=26266.308; share=0.6022; deviation=3.011; robust_z=41.255
1585271561337032846,2025-10-19,202420,crockid,Детские одежда и обувь,77460.525,0.9382453767133188,0.9353643479417053,daily_ots=77460.525; share=0.7896; deviation=3.158; robust_z=13.246
1585271561337034979,2025-06-08,206252,gloria jeans,Детские одежда и обувь,35294.544,0.9404389448674149,0.9353643479417053,daily_ots=35294.544; share=0.764; deviation=3.056; robust_z=14.232
1585271561337034979,2025-08-02,204049,electrolux,Крупная техника,55528.04699999999,0.9396758641022529,0.9353643479417053,daily_ots=55528.047; share=0.8501; deviation=2.55; robust_z=58.962
1585271561337034979,2025-09-24,204459,estel,Краски для волос,74262.064,0.944127746657186,0.9353643479417053,daily_ots=74262.064; share=0.9311; deviation=2.793; robust_z=33.122
1585271561337034979,2025-09-25,206416,gorenje,Крупная техника,17720.629,0.9360893845059919,0.9353643479417053,daily_ots=17720.629; share=0.646; deviation=3.23; robust_z=11.124
1585271561337034979,2025-10-13,216798,royal canin,Корм для собак,16477.066,0.9389477578721609,0.9353643479417053,daily_ots=16477.066; share=0.8375; deviation=2.513; robust_z=108.983
1585271561337034979,2025-10-21,203587,dreame,Малая техника,19005.751,0.9361292728187164,0.9353643479417053,daily_ots=19005.751; share=0.8617; deviation=2.585; robust_z=12.88
1585271561337036299,2025-07-07,203071,dexp,Крупная техника,55538.19,0.9508711838735598,0.9353643479417053,daily_ots=55538.19; share=0.9058; deviation=3.623; robust_z=84.506
1585271561337036299,2025-07-15,211287,manu (подгузники),Подгузники,28147.651,0.9415436777024332,0.9353643479417053,daily_ots=28147.651; share=0.9081; deviation=2.724; robust_z=161.118
1585271561337036299,2025-08-15,208807,karcher,Малая техника,26598.608,0.9359613372412319,0.9353643479417053,daily_ots=26598.608; share=0.6191; deviation=3.095; robust_z=24.507
1585271561337036299,2025-10-11,215274,polaris (бытовая техника),Малая техника,25722.803,0.941024840591272,0.9353643479417053,daily_ots=25722.803; share=0.5759; deviation=4.031; robust_z=29.658
1585271561337036442,2025-06-13,197627,adidas,Обувь,44441.82,0.9408670216148408,0.9353643479417053,daily_ots=44441.82; share=0.5225; deviation=5.748; robust_z=32.494
1585271561337036739,2025-09-12,213997,old spice,Дезодоранты,65136.928,0.9478388049692744,0.9353643479417053,daily_ots=65136.928; share=0.9194; deviation=3.677; robust_z=43.293
1585271561337037325,2025-07-15,216621,rocs,Уход за полостью рта,41130.408,0.9406788528352498,0.9353643479417053,daily_ots=41130.408; share=0.7505; deviation=3.002; robust_z=22.834
1585271561337038249,2025-07-01,212017,midea,Крупная техника,76842.64,0.9353690825109983,0.9353643479417053,daily_ots=76842.64; share=0.7528; deviation=3.011; robust_z=8.068
1585271561337038249,2025-07-06,212017,midea,Крупная техника,40691.398,0.9391419966123838,0.9353643479417053,daily_ots=40691.398; share=0.7437; deviation=2.975; robust_z=14.221
1585271561337038249,2025-07-10,212017,midea,Крупная техника,23383.436,0.9364038662758768,0.9353643479417053,daily_ots=23383.436; share=0.8049; deviation=2.415; robust_z=4716.925
1585271561337038249,2025-08-10,214199,oppo (электроника),Смартфоны,37873.7,0.9464114970835285,0.9353643479417053,daily_ots=37873.7; share=0.5801; deviation=6.381; robust_z=31.651
1585271561337038249,2025-08-10,221229,vivo (электроника),Смартфоны,75747.4,0.952588693686663,0.9353643479417053,daily_ots=75747.4; share=0.7608; deviation=5.325; robust_z=33.599
1585271561337040624,2025-06-19,208375,jbl (аудиотехника),Аудиотехника,70468.22899999999,0.9365047432406652,0.9353643479417053,daily_ots=70468.229; share=0.4987; deviation=5.984; robust_z=16.048
1585271561337041337,2025-06-22,210322,lg,Крупная техника,53616.636,0.9382540480856502,0.9353643479417053,daily_ots=53616.636; share=0.557; deviation=4.456; robust_z=11.805
1585271561337041337,2025-06-25,221942,xiaomi,Крупная техника,53593.68000000001,0.9534257701623859,0.9353643479417053,daily_ots=53593.68; share=0.7908; deviation=4.745; robust_z=113.226
1585271561337041337,2025-07-14,206402,google pixel,Смартфоны,43465.614,0.9398264569350746,0.9353643479417053,daily_ots=43465.614; share=0.5814; deviation=4.651; robust_z=11.686
1585271561337042033,2025-09-05,221535,weissgauff,Крупная техника,19398.775,0.935770278004197,0.9353643479417053,daily_ots=19398.775; share=0.7448; deviation=2.979; robust_z=11.408
1585271561337047436,2025-09-15,221622,whiskas,Корм для кошек,35161.79,0.9485657550163888,0.9353643479417053,daily_ots=35161.79; share=0.7413; deviation=4.448; robust_z=34.683
1585271561337047893,2025-10-27,214199,oppo (электроника),Смартфоны,21975.224,0.9417468768607321,0.9353643479417053,daily_ots=21975.224; share=0.668; deviation=4.008; robust_z=14.397
1585271561337048914,2025-07-24,214973,philips,Малая техника,43374.966,0.9504694102888723,0.9353643479417053,daily_ots=43374.966; share=0.7707; deviation=4.624; robust_z=39.491
1585271561337050126,2025-09-07,214973,philips,Малая техника,22534.072,0.9374097454663175,0.9353643479417053,daily_ots=22534.072; share=0.6193; deviation=3.096; robust_z=38.543
1585271561337050448,2025-06-18,307306,tecno camon,Смартфоны,20809.518,0.9429527757062833,0.9353643479417053,daily_ots=20809.518; share=0.8013; deviation=3.205; robust_z=16.914
1585271561337050448,2025-10-03,206416,gorenje,Крупная техника,37776.96,0.9429065283871826,0.9353643479417053,daily_ots=37776.96; share=0.7674; deviation=3.07; robust_z=36.435
1585271561337051847,2025-10-12,204933,felix (корм),Корм для кошек,41206.152,0.944607562592856,0.9353643479417053,daily_ots=41206.152; share=0.7072; deviation=3.536; robust_z=95.012
1585271561337052854,2025-09-25,206252,gloria jeans,Детские одежда и обувь,55274.555,0.9423885584132544,0.9353643479417053,daily_ots=55274.555; share=0.9055; deviation=2.716; robust_z=20.724
1585271561337054434,2025-09-29,213486,nikon,Малая техника,48599.55,0.9358815606157832,0.9353643479417053,daily_ots=48599.55; share=0.8479; deviation=2.544; robust_z=11.165
1585271561337054434,2025-10-08,213486,nikon,Малая техника,52955.448000000004,0.9411858390708914,0.9353643479417053,daily_ots=52955.448; share=0.7656; deviation=3.062; robust_z=13.017
1585271561337054434,2025-10-16,213486,nikon,Малая техника,34421.337,0.9502101362561638,0.9353643479417053,daily_ots=34421.337; share=0.8046; deviation=4.023; robust_z=20.9
1585271561337054434,2025-10-21,214553,panasonic,Малая техника,14477.307,0.9360896735517364,0.9353643479417053,daily_ots=14477.307; share=0.7868; deviation=2.36; robust_z=56.572
1585271561337054434,2025-10-23,213486,nikon,Малая техника,63141.104,0.947566523878069,0.9353643479417053,daily_ots=63141.104; share=0.9479; deviation=2.844; robust_z=338.933
1594287976076177216,2025-08-25,213474,nike,Обувь,45119.919,0.9366628512628409,0.9353643479417053,daily_ots=45119.919; share=0.4376; deviation=5.251; robust_z=28.32
1666343015431464640,2025-08-19,217082,samsung,Крупная техника,106679.26,0.9480287080233317,0.9353643479417053,daily_ots=106679.26; share=0.5877; deviation=7.641; robust_z=65.85
1666343015431464640,2025-08-21,217082,samsung,Крупная техника,81546.87,0.9480547221403259,0.9353643479417053,daily_ots=81546.87; share=0.5889; deviation=7.656; robust_z=61.775
1666343015431464640,2025-10-05,207543,huawei,Смартфоны,64141.287,0.9442109918315673,0.9353643479417053,daily_ots=64141.287; share=0.5439; deviation=5.983; robust_z=43.124
1666345625407870272,2025-08-27,214199,oppo (электроника),Смартфоны,51849.917,0.9358150800945757,0.9353643479417053,daily_ots=51849.917; share=0.4489; deviation=4.489; robust_z=28.411
1666345625407870272,2025-09-21,238974,tecno spark,Смартфоны,44477.748,0.9432340172155645,0.9353643479417053,daily_ots=44477.748; share=0.5427; deviation=5.97; robust_z=23.223
1666345625407870272,2025-10-27,238974,tecno spark,Смартфоны,42014.297999999995,0.9433236213963222,0.9353643479417053,daily_ots=42014.298; share=0.5431; deviation=7.06; robust_z=18.965
1729388589032331985,2025-06-03,197627,adidas,Обувь,222584.645,0.9541371117393038,0.9353643479417053,daily_ots=222584.645; share=0.7097; deviation=9.936; robust_z=123.149
1729388589032331985,2025-06-03,197627,adidas,Одежда,89033.858,0.9401568362209003,0.9353643479417053,daily_ots=89033.858; share=0.5663; deviation=4.53; robust_z=12.995
1729388589032331985,2025-06-04,197627,adidas,Обувь,579605.078,0.9590867310660585,0.9353643479417053,daily_ots=579605.078; share=0.92; deviation=7.36; robust_z=269.058
1729388589032331985,2025-06-04,197627,adidas,Одежда,178340.024,0.9547623176843969,0.9353643479417053,daily_ots=178340.024; share=0.85; deviation=5.1; robust_z=29.792
1729388589032331985,2025-06-05,197627,adidas,Обувь,1610180.64,0.9601735430649255,0.9353643479417053,daily_ots=1610180.64; share=0.9511; deviation=12.365; robust_z=816.197
1729388589032331985,2025-06-06,197627,adidas,Обувь,357638.12,0.9567165559621466,0.9353643479417053,daily_ots=357638.12; share=0.7744; deviation=13.939; robust_z=214.95
1729388589032331985,2025-06-08,197627,adidas,Одежда,1737474.3360000001,0.949418150916564,0.9353643479417053,daily_ots=1737474.336; share=0.9968; deviation=2.99; robust_z=52852.632
1729388589032331985,2025-06-09,197627,adidas,Обувь,44568.233,0.9386532202586381,0.9353643479417053,daily_ots=44568.233; share=0.4559; deviation=5.471; robust_z=28.515
1729388589032331985,2025-06-09,197627,adidas,Одежда,490250.563,0.9528971054959159,0.9353643479417053,daily_ots=490250.563; share=0.9293; deviation=3.717; robust_z=36.47
1729388589032331985,2025-06-11,221622,whiskas,Корм для кошек,888427.16,0.9592260511148494,0.9353643479417053,daily_ots=888427.16; share=0.9612; deviation=6.729; robust_z=1351.03
1729388589032331985,2025-09-06,208810,kari,Обувь,31293.271,0.9379751189423239,0.9353643479417053,daily_ots=31293.271; share=0.6244; deviation=3.122; robust_z=16.845
1729388589032331985,2025-10-10,369276,iqoo,Смартфоны,114784.557,0.946341837059133,0.9353643479417053,daily_ots=114784.557; share=0.6224; deviation=4.357; robust_z=42.26
1729388589032331985,2025-10-12,215761,purina one,Корм для кошек,37620.403,0.9408242428446726,0.9353643479417053,daily_ots=37620.403; share=0.7533; deviation=3.013; robust_z=13.905
1729390231323623488,2025-06-30,207943,infinix,Смартфоны,99437.42,0.9394914529173387,0.9353643479417053,daily_ots=99437.42; share=0.462; deviation=6.468; robust_z=41.07
1738401046313161600,2025-06-24,210322,lg,Крупная техника,20832.051,0.938616511449102,0.9353643479417053,daily_ots=20832.051; share=0.7241; deviation=2.896; robust_z=29.164
1738421652124963520,2025-08-27,215963,ralf ringer,Обувь,24844.068,0.9404198678482857,0.9353643479417053,daily_ots=24844.068; share=0.9005; deviation=2.702; robust_z=21.262
1739916987938841344,2025-09-24,213474,nike,Обувь,74009.478,0.9434623633536244,0.9353643479417053,daily_ots=74009.478; share=0.6226; deviation=4.98; robust_z=13.006
1873514497487928217,2025-08-06,221942,xiaomi,Смартфоны,69656.398,0.9432536723261824,0.9353643479417053,daily_ots=69656.398; share=0.4851; deviation=9.217; robust_z=67.595
1873514497487928217,2025-08-28,221229,vivo (электроника),Смартфоны,57834.927,0.9434366382823746,0.9353643479417053,daily_ots=57834.927; share=0.609; deviation=4.263; robust_z=19.281
1873514497487928217,2025-09-07,214199,oppo (электроника),Смартфоны,65401.947,0.9494326032037831,0.9353643479417053,daily_ots=65401.947; share=0.8539; deviation=3.416; robust_z=30.103
1873514497487928217,2025-09-07,216114,realme,Смартфоны,109003.24500000001,0.9374692888896597,0.9353643479417053,daily_ots=109003.245; share=0.4007; deviation=12.823; robust_z=36.862
1873514497487928217,2025-09-07,369276,iqoo,Смартфоны,87202.596,0.9390292687720758,0.9353643479417053,daily_ots=87202.596; share=0.4621; deviation=5.083; robust_z=38.759
1873514497487928217,2025-09-08,210322,lg,Крупная техника,21512.899,0.9406340507448709,0.9353643479417053,daily_ots=21512.899; share=0.691; deviation=3.455; robust_z=11.713
1882516134850618573,2025-07-25,212714,motorola,Смартфоны,34560.424,0.9367562130382754,0.9353643479417053,daily_ots=34560.424; share=0.8879; deviation=2.664; robust_z=11.954
1883917688565411456,2025-09-14,207447,honor,Смартфоны,128963.485,0.9359610481954874,0.9353643479417053,daily_ots=128963.485; share=0.3757; deviation=13.148; robust_z=56.768
1954572816503618427,2025-07-21,207447,honor,Смартфоны,112723.572,0.9425738367354017,0.9353643479417053,daily_ots=112723.572; share=0.4723; deviation=13.223; robust_z=49.932
1954573939019829505,2025-06-06,198484,apple iphone,Смартфоны,166115.05800000002,0.9373051109068522,0.9353643479417053,daily_ots=166115.058; share=0.3891; deviation=16.73; robust_z=56.33
1954574044080790082,2025-06-04,215234,poco,Смартфоны,68139.304,0.9447306960799616,0.9353643479417053,daily_ots=68139.304; share=0.5227; deviation=7.841; robust_z=42.744
1954920702784737664,2025-09-22,311362,tecno pova,Смартфоны,21836.565000000002,0.945884855737269,0.9353643479417053,daily_ots=21836.565; share=0.5957; deviation=4.765; robust_z=51.412
2017618760585040015,2025-09-06,213067,nestle nan,Детское питание,17859.987,0.9376802922830567,0.9353643479417053,daily_ots=17859.987; share=0.6231; deviation=3.115; robust_z=19.149
2089678234678291312,2025-07-11,281079,samsung galaxy,Смартфоны,144669.503,0.9358994814519346,0.9353643479417053,daily_ots=144669.503; share=0.3728; deviation=13.794; robust_z=63.056
2098689093918505280,2025-09-14,203587,dreame,Малая техника,32447.364,0.937372747611037,0.9353643479417053,daily_ots=32447.364; share=0.8138; deviation=2.441; robust_z=171.7
2098690033949114112,2025-06-30,213474,nike,Обувь,36436.376,0.9385844273714758,0.9353643479417053,daily_ots=36436.376; share=0.6919; deviation=4.152; robust_z=54.078
2098735651169564096,2025-09-25,207943,infinix,Смартфоны,36050.508,0.9407716365191956,0.9353643479417053,daily_ots=36050.508; share=0.5109; deviation=5.62; robust_z=18.052
2098735651169564096,2025-10-18,215020,pierre cardin,Обувь,52069.113,0.9499430579883572,0.9353643479417053,daily_ots=52069.113; share=0.8485; deviation=3.394; robust_z=32.307
2233791780476071135,2025-06-30,206519,grass,Товары для стирки,46139.196,0.9431961522230509,0.9353643479417053,daily_ots=46139.196; share=0.9075; deviation=2.723; robust_z=23.582
2233791780476071135,2025-07-02,207543,huawei,Смартфоны,109063.427,0.9526684703121117,0.9353643479417053,daily_ots=109063.427; share=0.6893; deviation=8.96; robust_z=46.188
2233791780476071135,2025-07-30,204459,estel,Средства для волос,24703.998,0.9466988085534417,0.9353643479417053,daily_ots=24703.998; share=0.7893; deviation=3.157; robust_z=48.074
2233791780476071135,2025-08-31,215274,polaris (бытовая техника),Малая техника,49980.224,0.940690414665025,0.9353643479417053,daily_ots=49980.224; share=0.5433; deviation=3.803; robust_z=44.797
2233791780476071135,2025-09-04,215274,polaris (бытовая техника),Малая техника,23258.662,0.9513778810634572,0.9353643479417053,daily_ots=23258.662; share=0.7914; deviation=3.957; robust_z=54.769
2233791780476071135,2025-09-07,242139,яндекс,Аудиотехника,99485.584,0.9495092003260436,0.9353643479417053,daily_ots=99485.584; share=0.6302; deviation=8.193; robust_z=31.58
2233792554604317953,2025-08-30,197627,adidas,Одежда,26538.301,0.935585288727794,0.9353643479417053,daily_ots=26538.301; share=0.8048; deviation=3.219; robust_z=27.486
2233792637557835906,2025-10-10,220409,ugg,Обувь,25646.581,0.9408008301393779,0.9353643479417053,daily_ots=25646.581; share=0.8651; deviation=2.595; robust_z=151.244
2242804895778101824,2025-09-25,206402,google pixel,Смартфоны,59283.792,0.9415483024343434,0.9353643479417053,daily_ots=59283.792; share=0.6782; deviation=3.391; robust_z=19.406
2242804895778101824,2025-10-17,207543,huawei,Аудиотехника,44042.202,0.9397724053808756,0.9353643479417053,daily_ots=44042.202; share=0.8833; deviation=2.65; robust_z=22.25
2242804895778101824,2025-10-20,208807,karcher,Малая техника,17873.684,0.9394689073492771,0.9353643479417053,daily_ots=17873.684; share=0.6255; deviation=3.128; robust_z=64.482
2242805481916280257,2025-09-12,221942,xiaomi,Смартфоны,28236.675000000003,0.9361682939942075,0.9353643479417053,daily_ots=28236.675; share=0.4453; deviation=4.898; robust_z=20.055
2242869852638387712,2025-10-14,214199,oppo (электроника),Смартфоны,49262.504,0.948981691842551,0.9353643479417053,daily_ots=49262.504; share=0.6631; deviation=5.305; robust_z=33.54
2242869852638387712,2025-10-16,214199,oppo (электроника),Смартфоны,164282.37,0.9518218553268241,0.9353643479417053,daily_ots=164282.37; share=0.842; deviation=4.21; robust_z=26.233
2242869852638387712,2025-10-21,214199,oppo (электроника),Смартфоны,90775.559,0.951740344426909,0.9353643479417053,daily_ots=90775.559; share=0.8582; deviation=4.291; robust_z=20.761
2242869852638387712,2025-10-26,214199,oppo (электроника),Смартфоны,51845.46,0.9392830509356411,0.9353643479417053,daily_ots=51845.46; share=0.5306; deviation=4.775; robust_z=15.197
2305848744076622362,2025-06-22,206804,haier,Крупная техника,73004.598,0.940409462201488,0.9353643479417053,daily_ots=73004.598; share=0.8512; deviation=3.405; robust_z=21.498
2305850098877774736,2025-08-20,205948,gefest (бытовая техника),Крупная техника,55270.85,0.9453691981292959,0.9353643479417053,daily_ots=55270.85; share=0.6468; deviation=4.528; robust_z=26.512
2305850098877774736,2025-09-27,206519,grass,Универсальные чистящие средства,7290.057,0.9404250706716845,0.9353643479417053,daily_ots=7290.057; share=0.7427; deviation=2.971; robust_z=122.882
2316166949196710976,2025-10-15,198484,apple iphone,Смартфоны,765205.8,0.9500416225871907,0.9353643479417053,daily_ots=765205.8; share=0.6119; deviation=28.758; robust_z=309.051
2377907662666834967,2025-07-12,216114,realme,Смартфоны,44191.105,0.9456978431406555,0.9353643479417053,daily_ots=44191.105; share=0.5476; deviation=8.215; robust_z=36.047
2386920338217062273,2025-10-23,206252,gloria jeans,Одежда,39382.85,0.9457042021470318,0.9353643479417053,daily_ots=39382.85; share=0.8073; deviation=3.229; robust_z=25.927
2388593940434537216,2025-08-27,210322,lg,Крупная техника,121452.42000000001,0.952214090401947,0.9353643479417053,daily_ots=121452.42; share=0.8459; deviation=4.23; robust_z=80.137
2388593940434537216,2025-09-05,203071,dexp,Крупная техника,85256.532,0.9440077926732686,0.9353643479417053,daily_ots=85256.532; share=0.7316; deviation=3.658; robust_z=21.274
2449965110012013004,2025-07-06,203587,dreame,Малая техника,23215.22,0.9445347230652723,0.9353643479417053,daily_ots=23215.22; share=0.6022; deviation=4.818; robust_z=20.421
2449965110012013004,2025-07-08,216575,roborock,Малая техника,52392.945,0.9450206089615744,0.9353643479417053,daily_ots=52392.945; share=0.7911; deviation=3.164; robust_z=22.721
2449965262016764108,2025-10-28,207543,huawei,Смарт-часы и браслеты,21245.684,0.935419087424776,0.9353643479417053,daily_ots=21245.684; share=0.6359; deviation=3.18; robust_z=14.427
2458979132178470784,2025-07-04,215274,polaris (бытовая техника),Малая техника,37606.74,0.9477454431938399,0.9353643479417053,daily_ots=37606.74; share=0.8251; deviation=4.126; robust_z=20.797
2531033574337163656,2025-10-23,221942,xiaomi,Малая техника,56822.39,0.940588381517259,0.9353643479417053,daily_ots=56822.39; share=0.5418; deviation=5.418; robust_z=52.31
2531033574337163819,2025-10-20,213658,nordman,Детские одежда и обувь,21347.316,0.9398070908702011,0.9353643479417053,daily_ots=21347.316; share=0.6983; deviation=3.491; robust_z=13.245
2531033574337164798,2025-08-10,242139,яндекс,Аудиотехника,81230.556,0.9436386812576958,0.9353643479417053,daily_ots=81230.556; share=0.5236; deviation=7.33; robust_z=45.699
2531033574337164798,2025-09-25,234881,персил,Товары для стирки,79634.793,0.9476705803460456,0.9353643479417053,daily_ots=79634.793; share=0.817; deviation=4.085; robust_z=35.778
2531033574337164798,2025-10-29,207943,infinix,Смартфоны,77367.006,0.9452006844603228,0.9353643479417053,daily_ots=77367.006; share=0.5643; deviation=6.772; robust_z=42.46
2531033574337167351,2025-07-09,212714,motorola,Смартфоны,35570.784,0.9392850742558517,0.9353643479417053,daily_ots=35570.784; share=0.6699; deviation=3.35; robust_z=11.747
2531035227693138307,2025-07-03,208375,jbl (аудиотехника),Аудиотехника,23703.96,0.9393414381760058,0.9353643479417053,daily_ots=23703.96; share=0.5708; deviation=3.996; robust_z=81.702
2532085048313851392,2025-10-01,206804,haier,Крупная техника,19477.079999999998,0.9365145707959742,0.9353643479417053,daily_ots=19477.08; share=0.7087; deviation=2.835; robust_z=26.989
2594080439968917002,2025-09-07,198476,apple airpods,Аудиотехника,34432.976,0.9417616181936953,0.9353643479417053,daily_ots=34432.976; share=0.5218; deviation=4.696; robust_z=31.503
2603089841281918144,2025-08-08,197627,adidas,Обувь,25659.798,0.9383820953504101,0.9353643479417053,daily_ots=25659.798; share=0.5518; deviation=4.414; robust_z=21.295
2666135989930538395,2025-08-15,199833,beko,Крупная техника,32978.547,0.93789302995092,0.9353643479417053,daily_ots=32978.547; share=0.7623; deviation=3.812; robust_z=92.908
2738194092690288910,2025-08-28,221942,xiaomi,Смарт-часы и браслеты,16805.456,0.9431423897145962,0.9353643479417053,daily_ots=16805.456; share=0.6296; deviation=3.778; robust_z=33.707
2738194092690288910,2025-10-28,214142,oneplus,Смартфоны,41578.301999999996,0.9396388662469722,0.9353643479417053,daily_ots=41578.302; share=0.5608; deviation=4.486; robust_z=14.611
2738194092690289025,2025-10-11,242139,яндекс,Аудиотехника,154336.818,0.9493551389442895,0.9353643479417053,daily_ots=154336.818; share=0.5956; deviation=13.102; robust_z=81.912
2738194092690289068,2025-07-04,198484,apple iphone,Смартфоны,326634.684,0.9406704705086627,0.9353643479417053,daily_ots=326634.684; share=0.4314; deviation=28.04; robust_z=156.303
2738194092690289068,2025-07-04,217082,samsung,Смартфоны,108878.228,0.9444983033014804,0.9353643479417053,daily_ots=108878.228; share=0.5395; deviation=7.013; robust_z=33.071
2738194092690289087,2025-08-28,198484,apple iphone,Смартфоны,461276.718,0.9414572530248636,0.9353643479417053,daily_ots=461276.718; share=0.4448; deviation=27.131; robust_z=134.736
2738194092690289674,2025-07-08,213997,old spice,Дезодоранты,67068.066,0.9482209234433443,0.9353643479417053,daily_ots=67068.066; share=0.9709; deviation=2.913; robust_z=93.358
2738194092690289674,2025-08-20,206252,gloria jeans,Одежда,35275.767,0.9405010897024564,0.9353643479417053,daily_ots=35275.767; share=0.7564; deviation=3.026; robust_z=12.972
2738194092690289674,2025-10-18,221223,vivienne sabo,Макияж для лица,11291.489,0.9370952636964326,0.9353643479417053,daily_ots=11291.489; share=0.5809; deviation=2.905; robust_z=124.68
2738194092690289729,2025-06-28,242139,яндекс,Аудиотехника,50620.488,0.9424524375227623,0.9353643479417053,daily_ots=50620.488; share=0.5442; deviation=5.986; robust_z=23.163
2738194092690289798,2025-07-01,197548,asics,Обувь,85173.312,0.9370013238295094,0.9353643479417053,daily_ots=85173.312; share=0.826; deviation=4.13; robust_z=40.198
2819265587255210048,2025-07-31,217082,samsung,Крупная техника,52662.719,0.9450925813519248,0.9353643479417053,daily_ots=52662.719; share=0.6298; deviation=5.039; robust_z=21.804
2820368256337542656,2025-10-01,197548,asics,Обувь,22310.37,0.9371972968441986,0.9353643479417053,daily_ots=22310.37; share=0.8193; deviation=2.458; robust_z=32.956
2882310110228255577,2025-10-19,238974,tecno spark,Смартфоны,33388.395000000004,0.9367154575883179,0.9353643479417053,daily_ots=33388.395; share=0.4905; deviation=3.924; robust_z=26.26
2882310110228255577,2025-10-19,307306,tecno camon,Смартфоны,44517.86,0.9439135637606008,0.9353643479417053,daily_ots=44517.86; share=0.6376; deviation=4.463; robust_z=15.516
2882310110228255577,2025-10-20,238974,tecno spark,Смартфоны,68094.012,0.9445523548556795,0.9353643479417053,daily_ots=68094.012; share=0.5396; deviation=6.475; robust_z=33.399
2882311337796875265,2025-08-06,208375,jbl (аудиотехника),Аудиотехника,52538.588,0.9460259100605262,0.9353643479417053,daily_ots=52538.588; share=0.6851; deviation=5.481; robust_z=69.74
2882311520272393920,2025-06-05,242139,яндекс,Аудиотехника,89641.242,0.9513463750773198,0.9353643479417053,daily_ots=89641.242; share=0.6496; deviation=9.095; robust_z=137.866
2954367870147815492,2025-10-24,281079,samsung galaxy,Смарт-часы и браслеты,33632.583,0.9378661486966927,0.9353643479417053,daily_ots=33632.583; share=0.6072; deviation=3.643; robust_z=19.034
2954367870147816270,2025-09-30,204459,estel,Краски для волос,149986.382,0.9442774723527746,0.9353643479417053,daily_ots=149986.382; share=0.9587; deviation=2.876; robust_z=265.077
2963380775332161280,2025-06-20,207543,huawei,Смарт-часы и браслеты,67591.839,0.946328830000636,0.9353643479417053,daily_ots=67591.839; share=0.7337; deviation=3.668; robust_z=26.652
2963380775332161280,2025-06-22,207543,huawei,Смарт-часы и браслеты,57908.778,0.952992490591561,0.9353643479417053,daily_ots=57908.778; share=0.7835; deviation=4.701; robust_z=84.105
3035438502080357056,2025-08-26,219127,ttaccardi,Обувь,26950.794,0.9417581496447629,0.9353643479417053,daily_ots=26950.794; share=0.7287; deviation=3.643; robust_z=12.165
3035438502080357056,2025-10-20,371516,мир кожи и меха,Обувь,14412.034,0.9354046351375569,0.9353643479417053,daily_ots=14412.034; share=0.6942; deviation=2.777; robust_z=25.996
3035438529728160640,2025-06-25,238974,tecno spark,Смартфоны,21896.376,0.9372967285802652,0.9353643479417053,daily_ots=21896.376; share=0.6284; deviation=3.142; robust_z=15.04
3035438529728160640,2025-07-09,221942,xiaomi,Крупная техника,14657.824,0.9404406791418811,0.9353643479417053,daily_ots=14657.824; share=0.7298; deviation=2.919; robust_z=19.139
3035439740714155136,2025-07-24,311362,tecno pova,Смартфоны,26821.695,0.953690825109982,0.9353643479417053,daily_ots=26821.695; share=0.8075; deviation=4.845; robust_z=52.36
3036777244507937536,2025-10-29,219362,tecno,Смартфоны,19149.53,0.939367452293,0.9353643479417053,daily_ots=19149.53; share=0.6073; deviation=3.644; robust_z=15.208
3036777244507937536,2025-10-29,311362,tecno pova,Смартфоны,19149.53,0.9365796060884597,0.9353643479417053,daily_ots=19149.53; share=0.5878; deviation=3.527; robust_z=12.262
3036777244507937536,2025-10-31,311362,tecno pova,Смартфоны,32236.72,0.9355922258256593,0.9353643479417053,daily_ots=32236.72; share=0.4911; deviation=4.42; robust_z=13.576
3098483135638258628,2025-10-27,307306,tecno camon,Смартфоны,23219.162,0.9437618147448015,0.9353643479417053,daily_ots=23219.162; share=0.7059; deviation=3.529; robust_z=37.808
3098483135638259014,2025-08-28,230759,ласка,Товары для стирки,28806.368,0.9373423978078771,0.9353643479417053,daily_ots=28806.368; share=0.8552; deviation=2.566; robust_z=17.353
3098483602160404120,2025-10-01,222295,zarina,Одежда,51198.325000000004,0.9391419966123838,0.9353643479417053,daily_ots=51198.325; share=0.5611; deviation=3.928; robust_z=14.563
3107495819638266880,2025-10-31,208807,karcher,Малая техника,40352.058,0.943341831278218,0.9353643479417053,daily_ots=40352.058; share=0.7518; deviation=3.759; robust_z=14.183
3107497533813582784,2025-09-24,218309,sony,Малая техника,53726.288,0.943107126133782,0.9353643479417053,daily_ots=53726.288; share=0.6824; deviation=4.095; robust_z=11.905
3179553159315036544,2025-08-25,211419,marshall (электроника),Аудиотехника,41602.301999999996,0.9404597561610101,0.9353643479417053,daily_ots=41602.302; share=0.7233; deviation=4.34; robust_z=30.396
3251609575546333699,2025-09-18,216181,redmi,Аудиотехника,78739.12,0.9445812594301175,0.9353643479417053,daily_ots=78739.12; share=0.8221; deviation=3.288; robust_z=17.794
3251612439879604416,2025-10-04,197869,alaska (одежда),Одежда,52373.976,0.9362347745154148,0.9353643479417053,daily_ots=52373.976; share=0.8099; deviation=3.239; robust_z=16.888
3251612677654324864,2025-06-15,197627,adidas,Обувь,37991.214,0.9369322418966026,0.9353643479417053,daily_ots=37991.214; share=0.4915; deviation=5.407; robust_z=19.56
3314657355444378182,2025-08-13,197548,asics,Обувь,51167.176,0.9375655411225381,0.9353643479417053,daily_ots=51167.176; share=0.8324; deviation=4.162; robust_z=40.715
3386714639829445888,2025-09-15,219383,tefal,Малая техника,20766.063,0.9361174219431968,0.9353643479417053,daily_ots=20766.063; share=0.7866; deviation=3.147; robust_z=30.552
3386714877606070081,2025-08-21,215722,puma,Обувь,21955.898999999998,0.9385335553204651,0.9353643479417053,daily_ots=21955.899; share=0.7242; deviation=2.897; robust_z=16.126
3395728048205572672,2025-09-07,214142,oneplus,Смартфоны,60482.754,0.9510003873212974,0.9353643479417053,daily_ots=60482.754; share=0.779; deviation=4.674; robust_z=38.844
3458771572229117194,2025-08-08,215234,poco,Смартфоны,63608.625,0.9391934467548835,0.9353643479417053,daily_ots=63608.625; share=0.4418; deviation=7.51; robust_z=38.705
3458771572229117194,2025-08-09,207943,infinix,Смартфоны,31679.444,0.9402155125070094,0.9353643479417053,daily_ots=31679.444; share=0.5177; deviation=4.66; robust_z=37.313
3458771572229117194,2025-08-09,215234,poco,Смартфоны,158397.22,0.9530742905372205,0.9353643479417053,daily_ots=158397.22; share=0.6942; deviation=9.719; robust_z=65.327
3467783911479848960,2025-07-07,204933,felix (корм),Корм для кошек,56288.079,0.9465253811068141,0.9353643479417053,daily_ots=56288.079; share=0.5899; deviation=5.899; robust_z=47.931
3467783911479848960,2025-08-05,204933,felix (корм),Корм для кошек,31331.806,0.9396088054895568,0.9353643479417053,daily_ots=31331.806; share=0.5815; deviation=4.07; robust_z=18.872
3467783911479848960,2025-09-09,204933,felix (корм),Корм для кошек,40265.074,0.9452431741847465,0.9353643479417053,daily_ots=40265.074; share=0.6768; deviation=4.738; robust_z=16.186
3467783911479848960,2025-10-05,204933,felix (корм),Корм для кошек,52929.05,0.9492554181624784,0.9353643479417053,daily_ots=52929.05; share=0.6979; deviation=4.885; robust_z=47.055
3467784160333701762,2025-10-01,202087,columbia,Одежда,39952.805,0.945859708757508,0.9353643479417053,daily_ots=39952.805; share=0.7692; deviation=3.846; robust_z=517.62
3469229362709694016,2025-07-20,203471,дав,Средства для мытья и ухода за руками,12247.884,0.9362544296260327,0.9353643479417053,daily_ots=12247.884; share=0.8896; deviation=2.669; robust_z=59.235
3530830214969607432,2025-07-04,213703,nothing,Смартфоны,30080.864,0.9398018880468023,0.9353643479417053,daily_ots=30080.864; share=0.8159; deviation=3.264; robust_z=84.389
3611898983435468034,2025-09-02,216114,realme,Смартфоны,103363.92,0.9450451778498465,0.9353643479417053,daily_ots=103363.92; share=0.5305; deviation=11.14; robust_z=158.023
3611898983435468929,2025-10-04,210322,lg,Крупная техника,26186.988,0.939382771717452,0.9353643479417053,daily_ots=26186.988; share=0.5878; deviation=4.115; robust_z=20.331
3674944142301961984,2025-06-25,221942,xiaomi,Малая техника,83650.788,0.9483738286421209,0.9353643479417053,daily_ots=83650.788; share=0.6966; deviation=5.573; robust_z=22.98
3684346221097551104,2025-07-12,206252,gloria jeans,Одежда,28143.219,0.9365457877363672,0.9353643479417053,daily_ots=28143.219; share=0.4951; deviation=3.961; robust_z=29.259
3684346221097551104,2025-08-31,208810,kari,Обувь,53993.244,0.9485036101813473,0.9353643479417053,daily_ots=53993.244; share=0.6887; deviation=4.821; robust_z=29.939
3684346221097551104,2025-08-31,215020,pierre cardin,Обувь,107986.488,0.9455723972875948,0.9353643479417053,daily_ots=107986.488; share=0.9677; deviation=2.903; robust_z=545.681
3747000630363940378,2025-08-13,207943,infinix,Смартфоны,56594.436,0.9524245157038553,0.9353643479417053,daily_ots=56594.436; share=0.7533; deviation=5.273; robust_z=31.243
3747000630363940378,2025-08-30,212714,motorola,Смартфоны,120851.38200000001,0.949761537260887,0.9353643479417053,daily_ots=120851.382; share=0.8487; deviation=3.395; robust_z=36.22
3747000630363940378,2025-09-03,214199,oppo (электроника),Смартфоны,10746.188,0.9423992531057965,0.9353643479417053,daily_ots=10746.188; share=0.6388; deviation=3.194; robust_z=185.071
3747000630363940378,2025-09-06,208375,jbl (аудиотехника),Аудиотехника,37453.006,0.9427935115011302,0.9353643479417053,daily_ots=37453.006; share=0.6129; deviation=4.29; robust_z=15.616
3747000630363940378,2025-09-06,214142,oneplus,Смартфоны,18726.503,0.9362922946185465,0.9353643479417053,daily_ots=18726.503; share=0.6891; deviation=2.757; robust_z=15.428
3747000630363940378,2025-09-06,217082,samsung,Смартфоны,56179.509000000005,0.9380609655284046,0.9353643479417053,daily_ots=56179.509; share=0.4326; deviation=6.489; robust_z=29.341
3747000630363940380,2025-10-08,197627,adidas,Обувь,37783.324,0.9521253533584226,0.9353643479417053,daily_ots=37783.324; share=0.7981; deviation=4.789; robust_z=54.985
3747000630363940576,2025-10-20,210322,lg,Крупная техника,27392.673,0.9398516039148356,0.9353643479417053,daily_ots=27392.673; share=0.5649; deviation=4.519; robust_z=15.642
3819059496266608833,2025-10-23,215201,playtoday,Детские одежда и обувь,76791.627,0.9474630455015811,0.9353643479417053,daily_ots=76791.627; share=0.7475; deviation=3.737; robust_z=50.631
3819059905448884510,2025-06-17,214544,pampers,Подгузники,28643.12,0.9430259042796114,0.9353643479417053,daily_ots=28643.12; share=0.6087; deviation=4.869; robust_z=27.485
3828751370547352448,2025-06-21,214199,oppo (электроника),Смартфоны,33569.97,0.9461007729083205,0.9353643479417053,daily_ots=33569.97; share=0.6118; deviation=4.894; robust_z=27.945
3828751370547352448,2025-06-26,214142,oneplus,Смартфоны,16616.463,0.9393596480579016,0.9353643479417053,daily_ots=16616.463; share=0.566; deviation=3.396; robust_z=35.668
3828751370547352448,2025-06-28,216114,realme,Смартфоны,128618.67,0.9375161143002492,0.9353643479417053,daily_ots=128618.67; share=0.3994; deviation=11.583; robust_z=42.421
3828751370547352448,2025-08-15,214199,oppo (электроника),Смартфоны,56665.36200000001,0.9537107692663441,0.9353643479417053,daily_ots=56665.362; share=0.7622; deviation=5.335; robust_z=67.834
3891115984388077661,2025-06-29,206402,google pixel,Смартфоны,36610.683,0.9490192677893203,0.9353643479417053,daily_ots=36610.683; share=0.6974; deviation=4.882; robust_z=31.573
3891117339130576500,2025-08-19,214199,oppo (электроника),Смартфоны,76407.408,0.9528086574981356,0.9353643479417053,daily_ots=76407.408; share=0.8126; deviation=4.875; robust_z=50.606
3901143088939080448,2025-09-02,216182,redmond (бытовая техника),Малая техника,24557.254,0.9370455478283993,0.9353643479417053,daily_ots=24557.254; share=0.6956; deviation=2.782; robust_z=48.962
3901231049869308352,2025-08-05,213360,new balance,Обувь,11361.598,0.9377008145309076,0.9353643479417053,daily_ots=11361.598; share=0.7182; deviation=2.873; robust_z=14.747
3901231049869308352,2025-08-08,213474,nike,Обувь,40305.752,0.943647930721516,0.9353643479417053,daily_ots=40305.752; share=0.5315; deviation=5.846; robust_z=33.439
3901231049869308352,2025-10-14,213474,nike,Обувь,132179.028,0.9467167293895932,0.9353643479417053,daily_ots=132179.028; share=0.568; deviation=7.952; robust_z=34.345
3901257438148375808,2025-10-11,221942,xiaomi,Аудиотехника,51445.606,0.9376721990022141,0.9353643479417053,daily_ots=51445.606; share=0.7498; deviation=2.999; robust_z=16.354
3901257438148375808,2025-10-11,221942,xiaomi,Малая техника,25722.803,0.9394434713237718,0.9353643479417053,daily_ots=25722.803; share=0.5222; deviation=4.7; robust_z=22.066
3963174911056333763,2025-09-03,208375,jbl (аудиотехника),Аудиотехника,81345.02,0.9441514484082251,0.9353643479417053,daily_ots=81345.02; share=0.6948; deviation=4.169; robust_z=33.671
3963174911056333763,2025-09-15,216182,redmond (бытовая техника),Малая техника,26461.753,0.9391740806900102,0.9353643479417053,daily_ots=26461.753; share=0.6479; deviation=3.888; robust_z=20.46
4035232106963127754,2025-06-26,207543,huawei,Смартфоны,24283.779,0.9399056554690346,0.9353643479417053,daily_ots=24283.779; share=0.4556; deviation=6.378; robust_z=35.683
4035232106963127754,2025-08-18,221229,vivo (электроника),Смартфоны,18613.3,0.9384046409184718,0.9353643479417053,daily_ots=18613.3; share=0.5078; deviation=4.062; robust_z=20.37
4035232106963127754,2025-08-23,369276,iqoo,Смартфоны,36481.904,0.9413647583866623,0.9353643479417053,daily_ots=36481.904; share=0.7234; deviation=2.894; robust_z=20.57
4107288419676846091,2025-10-11,213474,nike,Обувь,119464.17000000001,0.9462669742113388,0.9353643479417053,daily_ots=119464.17; share=0.6018; deviation=5.417; robust_z=36.682
4107288419676846091,2025-10-24,197627,adidas,Обувь,64891.899000000005,0.9368689408785835,0.9353643479417053,daily_ots=64891.899; share=0.4201; deviation=7.142; robust_z=26.444
4107288419676846091,2025-10-25,197627,adidas,Обувь,190050.157,0.9546816739217149,0.9353643479417053,daily_ots=190050.157; share=0.7522; deviation=8.274; robust_z=53.374
4107288419676846176,2025-10-02,242139,яндекс,Аудиотехника,117100.92000000001,0.9431331402507761,0.9353643479417053,daily_ots=117100.92; share=0.4893; deviation=10.276; robust_z=45.584
4107288419676846194,2025-08-15,307306,tecno camon,Смартфоны,61854.909,0.9488831272437177,0.9353643479417053,daily_ots=61854.909; share=0.8507; deviation=3.403; robust_z=29.163
4107288419676846194,2025-08-27,215234,poco,Смартфоны,157586.471,0.9441751501592642,0.9353643479417053,daily_ots=157586.471; share=0.4967; deviation=11.423; robust_z=68.672
4107288419676846194,2025-08-27,369276,iqoo,Смартфоны,157586.471,0.9516296399068117,0.9353643479417053,daily_ots=157586.471; share=0.8248; deviation=4.124; robust_z=28.99
4107288419676846194,2025-08-28,216114,realme,Смартфоны,202577.87699999998,0.9425819300162444,0.9353643479417053,daily_ots=202577.877; share=0.4664; deviation=15.393; robust_z=73.092
4107288419676846194,2025-08-31,212714,motorola,Смартфоны,41059.8,0.9372429660718105,0.9353643479417053,daily_ots=41059.8; share=0.8578; deviation=2.573; robust_z=14.619
4116348389294694784,2025-08-13,311362,tecno pova,Смартфоны,109011.808,0.949383754472983,0.9353643479417053,daily_ots=109011.808; share=0.6185; deviation=8.659; robust_z=68.99
4116938418784426305,2025-07-21,212095,milavitsa,Одежда,36262.722,0.94341785030899,0.9353643479417053,daily_ots=36262.722; share=0.8967; deviation=2.69; robust_z=35.179
4179348185308884928,2025-10-06,221942,xiaomi,Смарт-часы и браслеты,86243.64,0.9406476358948568,0.9353643479417053,daily_ots=86243.64; share=0.7386; deviation=3.693; robust_z=23.951
4179348185308884928,2025-10-07,221942,xiaomi,Смарт-часы и браслеты,44333.265,0.9406684471884521,0.9353643479417053,daily_ots=44333.265; share=0.5289; deviation=5.818; robust_z=24.618
4188356816114176577,2025-06-19,281079,samsung galaxy,Аудиотехника,19551.856,0.9423006885069631,0.9353643479417053,daily_ots=19551.856; share=0.8793; deviation=2.638; robust_z=250.31
4188358270391977168,2025-09-25,210920,luxvisage,Макияж для губ,26655.7,0.9380115387061158,0.9353643479417053,daily_ots=26655.7; share=0.652; deviation=3.26; robust_z=18.411
4260416422919966855,2025-06-26,213474,nike,Обувь,35397.36,0.9355214096182861,0.9353643479417053,daily_ots=35397.36; share=0.4433; deviation=5.319; robust_z=17.028
4260416483740630784,2025-10-11,203587,dreame,Малая техника,52800.214,0.9363359405259476,0.9353643479417053,daily_ots=52800.214; share=0.7064; deviation=3.532; robust_z=23.981
4332475006756913344,2025-07-09,207543,huawei,Смартфоны,74165.042,0.9384251631663226,0.9353643479417053,daily_ots=74165.042; share=0.5777; deviation=6.933; robust_z=25.693
4332476682224605632,2025-07-27,207943,infinix,Смартфоны,84920.589,0.9400816843273616,0.9353643479417053,daily_ots=84920.589; share=0.4838; deviation=5.806; robust_z=31.406
4332926112403708992,2025-06-30,307306,tecno camon,Смартфоны,50638.58,0.9460108796818185,0.9353643479417053,daily_ots=50638.58; share=0.6106; deviation=4.885; robust_z=46.966
4332926112403708992,2025-07-02,307306,tecno camon,Смартфоны,47493.490000000005,0.9459831312903579,0.9353643479417053,daily_ots=47493.49; share=0.7286; deviation=3.643; robust_z=42.678
4332926112403708992,2025-08-10,219306,tcl (техника),Крупная техника,73312.42,0.9533205575114317,0.9353643479417053,daily_ots=73312.42; share=0.7993; deviation=4.796; robust_z=164.655
4406223391538753408,2025-08-07,224637,бирюса (техника),Крупная техника,8725.168,0.9354459686790032,0.9353643479417053,daily_ots=8725.168; share=0.8469; deviation=2.541; robust_z=737.093
4467577889871891790,2025-10-17,212714,motorola,Смартфоны,17149.466,0.9389428440945065,0.9353643479417053,daily_ots=17149.466; share=0.8942; deviation=2.683; robust_z=67.068
4476591665707205376,2025-08-08,207543,huawei,Смарт-часы и браслеты,67486.573,0.948564309787667,0.9353643479417053,daily_ots=67486.573; share=0.7298; deviation=4.379; robust_z=20.27
4539635606295686581,2025-09-11,311362,tecno pova,Смартфоны,73688.583,0.9483518611655481,0.9353643479417053,daily_ots=73688.583; share=0.6778; deviation=6.1; robust_z=35.545
4548647573216189508,2025-09-12,197915,alessio nesca,Обувь,18736.656,0.9379389882242763,0.9353643479417053,daily_ots=18736.656; share=0.8771; deviation=2.631; robust_z=19.628
4548647573216189508,2025-09-28,221535,weissgauff,Крупная техника,29041.948,0.9466843562662228,0.9353643479417053,daily_ots=29041.948; share=0.8309; deviation=3.324; robust_z=29.208
4548647573216189508,2025-09-29,221535,weissgauff,Крупная техника,115729.25499999999,0.9493779735580954,0.9353643479417053,daily_ots=115729.255; share=0.868; deviation=3.472; robust_z=46.453
4611694214010660315,2025-08-22,214199,oppo (электроника),Смартфоны,46183.57,0.9367721105542163,0.9353643479417053,daily_ots=46183.57; share=0.5328; deviation=4.262; robust_z=11.574
4621288485247139456,2025-08-06,214142,oneplus,Смартфоны,21019.232,0.9354685142470648,0.9353643479417053,daily_ots=21019.232; share=0.4461; deviation=4.461; robust_z=22.88
4621288485247139456,2025-10-26,205867,garmin,Смарт-часы и браслеты,30454.656,0.9371863131059122,0.9353643479417053,daily_ots=30454.656; share=0.7053; deviation=2.821; robust_z=16.883
4683751454157203678,2025-10-05,207943,infinix,Смартфоны,24252.449999999997,0.9446130544619992,0.9353643479417053,daily_ots=24252.45; share=0.6203; deviation=4.342; robust_z=24.555
4692759896965140290,2025-06-02,214973,philips,Малая техника,161227.84,0.9526123954377019,0.9353643479417053,daily_ots=161227.84; share=0.8067; deviation=4.84; robust_z=21.918
4692759896965140290,2025-06-03,214973,philips,Малая техника,80256.392,0.9547649190960961,0.9353643479417053,daily_ots=80256.392; share=0.7946; deviation=5.562; robust_z=46.438
4692759896965140290,2025-06-04,214973,philips,Малая техника,40091.604,0.9453004052421337,0.9353643479417053,daily_ots=40091.604; share=0.7296; deviation=3.648; robust_z=15.46
4692759896965140290,2025-06-11,214973,philips,Малая техника,41539.092,0.9377297191053456,0.9353643479417053,daily_ots=41539.092; share=0.5236; deviation=3.665; robust_z=20.721
4692759896965140290,2025-07-09,214973,philips,Малая техника,26040.477,0.9468901568362209,0.9353643479417053,daily_ots=26040.477; share=0.8204; deviation=3.282; robust_z=18.986
4692759896965140290,2025-07-29,214973,philips,Малая техника,135159.488,0.9474061034899383,0.9353643479417053,daily_ots=135159.488; share=0.9405; deviation=2.821; robust_z=75.661
4692759896965140290,2025-07-30,214973,philips,Малая техника,42414.32,0.9432256348889775,0.9353643479417053,daily_ots=42414.32; share=0.7753; deviation=3.101; robust_z=15.383
4692759896965140290,2025-08-01,214973,philips,Малая техника,75552.255,0.9436184480555893,0.9353643479417053,daily_ots=75552.255; share=0.9081; deviation=2.724; robust_z=20.386
4692759896965140290,2025-08-11,214973,philips,Малая техника,54333.797999999995,0.9528115479555795,0.9353643479417053,daily_ots=54333.798; share=0.7223; deviation=5.778; robust_z=53.689
4692759896965140290,2025-08-18,214973,philips,Малая техника,43560.33499999999,0.9432695698421232,0.9353643479417053,daily_ots=43560.335; share=0.6677; deviation=3.338; robust_z=26.338
4692759896965140290,2025-08-29,214973,philips,Малая техника,75802.428,0.9534139192868664,0.9353643479417053,daily_ots=75802.428; share=0.8323; deviation=4.162; robust_z=50.503
4692759896965140290,2025-09-01,214973,philips,Малая техника,53709.670000000006,0.9517120179439599,0.9353643479417053,daily_ots=53709.67; share=0.7927; deviation=3.964; robust_z=51.061
4692759896965140290,2025-09-29,214973,philips,Малая техника,45998.04,0.9393842169461739,0.9353643479417053,daily_ots=45998.04; share=0.8261; deviation=2.478; robust_z=30.734
4692759896965140290,2025-09-30,214973,philips,Малая техника,22859.811,0.9442621529283225,0.9353643479417053,daily_ots=22859.811; share=0.7531; deviation=3.013; robust_z=31.239
4692759896965140290,2025-10-05,214973,philips,Малая техника,24233.634,0.9405461808385797,0.9353643479417053,daily_ots=24233.634; share=0.6736; deviation=3.368; robust_z=12.885
4692759896965140290,2025-10-06,214973,philips,Малая техника,111220.648,0.952421914292156,0.9353643479417053,daily_ots=111220.648; share=0.7867; deviation=4.72; robust_z=27.072
4692759896965140290,2025-10-07,214973,philips,Малая техника,24519.306,0.9441112710497563,0.9353643479417053,daily_ots=24519.306; share=0.6677; deviation=3.338; robust_z=39.468
4692759896965140290,2025-10-20,214973,philips,Малая техника,77457.116,0.9364856662215362,0.9353643479417053,daily_ots=77457.116; share=0.6701; deviation=3.351; robust_z=8.019
4692759896965140290,2025-10-21,214973,philips,Малая техника,28305.168,0.9406537058554887,0.9353643479417053,daily_ots=28305.168; share=0.628; deviation=3.14; robust_z=31.819
4692759896965140290,2025-10-25,214973,philips,Малая техника,35994.034999999996,0.9460892110785455,0.9353643479417053,daily_ots=35994.035; share=0.8057; deviation=3.223; robust_z=18.975
4692759896965140290,2025-10-27,214973,philips,Малая техника,78329.383,0.9490100183255001,0.9353643479417053,daily_ots=78329.383; share=0.6747; deviation=5.398; robust_z=22.644
4693213739758153216,2025-08-19,307306,tecno camon,Смартфоны,112406.574,0.9513452188943423,0.9353643479417053,daily_ots=112406.574; share=0.8259; deviation=5.781; robust_z=56.442
4694269270920854528,2025-07-28,219362,tecno,Смартфоны,15081.362,0.9407846435776926,0.9353643479417053,daily_ots=15081.362; share=0.7297; deviation=2.919; robust_z=36.106
4694269270920854528,2025-08-12,238974,tecno spark,Смартфоны,59083.224,0.9484732603781875,0.9353643479417053,daily_ots=59083.224; share=0.6478; deviation=5.182; robust_z=41.119
4755806029018135186,2025-09-16,198476,apple airpods,Аудиотехника,57078.189,0.94033633362816,0.9353643479417053,daily_ots=57078.189; share=0.57; deviation=4.56; robust_z=13.511
4755806029018135186,2025-10-20,221942,xiaomi,Крупная техника,24804.18,0.9424622650780713,0.9353643479417053,daily_ots=24804.18; share=0.552; deviation=4.416; robust_z=33.468
4764817325728903810,2025-06-27,240354,фрутоняня,Детское питание,55580.388,0.9388434123584399,0.9353643479417053,daily_ots=55580.388; share=0.9045; deviation=2.713; robust_z=78.868
4764817325728907200,2025-07-18,207543,huawei,Смартфоны,51464.865,0.9403704410259968,0.9353643479417053,daily_ots=51464.865; share=0.5026; deviation=6.031; robust_z=24.316
4764817325728908033,2025-09-17,221229,vivo (электроника),Смартфоны,170098.278,0.9571171733638566,0.9353643479417053,daily_ots=170098.278; share=0.8216; deviation=7.394; robust_z=229.147
4764817325728908033,2025-09-26,207543,huawei,Смартфоны,274299.145,0.9569373869108525,0.9353643479417053,daily_ots=274299.145; share=0.7811; deviation=16.403; robust_z=177.806
4764817325728908033,2025-09-26,214142,oneplus,Смартфоны,54859.829,0.9418101778787512,0.9353643479417053,daily_ots=54859.829; share=0.8875; deviation=2.662; robust_z=30.96
4764817325728908033,2025-09-26,218309,sony,Смартфоны,164579.487,0.9511018423775748,0.9353643479417053,daily_ots=164579.487; share=0.8145; deviation=4.072; robust_z=28.69
4764817325728908033,2025-09-26,221229,vivo (электроника),Смартфоны,109719.658,0.9554039992369192,0.9353643479417053,daily_ots=109719.658; share=0.7756; deviation=6.98; robust_z=77.023
4764817325728908033,2025-09-26,307306,tecno camon,Смартфоны,54859.829,0.956359584467838,0.9353643479417053,daily_ots=54859.829; share=0.8339; deviation=5.837; robust_z=158.446
4764817325728908033,2025-10-02,214142,oneplus,Смартфоны,56202.564,0.9370342750443685,0.9353643479417053,daily_ots=56202.564; share=0.4828; deviation=4.345; robust_z=20.71
4764817325728908033,2025-10-21,219362,tecno,Смартфоны,22730.363,0.9383294890249331,0.9353643479417053,daily_ots=22730.363; share=0.6519; deviation=3.259; robust_z=14.0
4827866083748751168,2025-10-26,216798,royal canin,Корм для кошек,22679.904,0.9373912465386772,0.9353643479417053,daily_ots=22679.904; share=0.8686; deviation=2.606; robust_z=47.752
4837259759342887489,2025-09-16,203835,ecco,Обувь,33385.509000000005,0.9379433239104422,0.9353643479417053,daily_ots=33385.509; share=0.849; deviation=2.547; robust_z=20.212
4899922101829706304,2025-08-02,216182,redmond (бытовая техника),Малая техника,30009.78,0.943152795361394,0.9353643479417053,daily_ots=30009.78; share=0.7584; deviation=3.034; robust_z=47.36
4899922101829706304,2025-08-14,209227,kitfort,Малая техника,40425.428,0.9499664706936519,0.9353643479417053,daily_ots=40425.428; share=0.6832; deviation=5.466; robust_z=34.891
4899922101829706304,2025-10-09,209227,kitfort,Малая техника,44698.53,0.947904707398993,0.9353643479417053,daily_ots=44698.53; share=0.6638; deviation=4.646; robust_z=38.554
4908935609760525954,2025-09-11,197627,adidas,Обувь,75770.95,0.9535639340281993,0.9353643479417053,daily_ots=75770.95; share=0.7561; deviation=6.049; robust_z=44.978
4908935609760526337,2025-07-14,238974,tecno spark,Смартфоны,59194.274999999994,0.942915199759514,0.9353643479417053,daily_ots=59194.275; share=0.6149; deviation=5.534; robust_z=23.63
4908937353777222017,2025-10-28,221942,xiaomi,Смартфоны,86251.6,0.9381471011602296,0.9353643479417053,daily_ots=86251.6; share=0.4105; deviation=10.673; robust_z=44.222
4980991965168188033,2025-07-07,207543,huawei,Смартфоны,53844.177,0.9424527265685068,0.9353643479417053,daily_ots=53844.177; share=0.5489; deviation=5.489; robust_z=17.727
4980991965168188033,2025-08-20,207447,honor,Смарт-часы и браслеты,59642.254,0.9460319800211582,0.9353643479417053,daily_ots=59642.254; share=0.6611; deviation=4.627; robust_z=17.181
4980991965168188033,2025-08-21,207543,huawei,Смарт-часы и браслеты,71014.456,0.9373698571535932,0.9353643479417053,daily_ots=71014.456; share=0.4881; deviation=4.392; robust_z=18.539
4980991965168188033,2025-09-24,207543,huawei,Смарт-часы и браслеты,27954.812,0.9400143366689213,0.9353643479417053,daily_ots=27954.812; share=0.5584; deviation=4.467; robust_z=14.121
5044039385649898752,2025-07-28,208375,jbl (аудиотехника),Аудиотехника,81098.109,0.9467765618586799,0.9353643479417053,daily_ots=81098.109; share=0.6489; deviation=5.192; robust_z=18.72
5044039385649898752,2025-09-05,221942,xiaomi,Малая техника,53015.956,0.9442109918315673,0.9353643479417053,daily_ots=53015.956; share=0.8083; deviation=3.233; robust_z=15.09
5044039385649898752,2025-09-11,221942,xiaomi,Малая техника,52699.286,0.9529078001884579,0.9353643479417053,daily_ots=52699.286; share=0.7201; deviation=5.761; robust_z=127.787
5044039385649898752,2025-09-15,208375,jbl (аудиотехника),Аудиотехника,61985.964,0.9485235543377094,0.9353643479417053,daily_ots=61985.964; share=0.7146; deviation=4.287; robust_z=25.725
5044039385649898752,2025-09-19,221942,xiaomi,Смартфоны,79985.41500000001,0.9384029066440056,0.9353643479417053,daily_ots=79985.415; share=0.4253; deviation=9.356; robust_z=29.257
5044039385649898752,2025-10-20,360351,mijia,Малая техника,25348.51,0.947417954365458,0.9353643479417053,daily_ots=25348.51; share=0.8129; deviation=3.252; robust_z=36.868
5044039385649898752,2025-10-31,209227,kitfort,Малая техника,25120.188,0.9511194741679819,0.9353643479417053,daily_ots=25120.188; share=0.8065; deviation=4.032; robust_z=31.921
5053051190437830144,2025-06-15,369276,iqoo,Смартфоны,13924.38,0.9368278963828816,0.9353643479417053,daily_ots=13924.38; share=0.5813; deviation=2.907; robust_z=49.181
5053051190437830144,2025-08-01,221942,xiaomi,Смартфоны,62021.39,0.9380898701028424,0.9353643479417053,daily_ots=62021.39; share=0.4398; deviation=5.277; robust_z=42.107
5053052694490078976,2025-08-21,221942,xiaomi,Смартфоны,186953.804,0.9488718544596868,0.9353643479417053,daily_ots=186953.804; share=0.6204; deviation=10.546; robust_z=72.495
5054144278165766912,2025-08-07,222295,zarina,Одежда,18850.184999999998,0.937939566315765,0.9353643479417053,daily_ots=18850.185; share=0.5837; deviation=3.502; robust_z=15.322
5054768684649409472,2025-08-06,197627,adidas,Одежда,57136.739,0.9385598584832034,0.9353643479417053,daily_ots=57136.739; share=0.6821; deviation=3.41; robust_z=18.49
5116095829525861647,2025-08-05,238974,tecno spark,Смартфоны,62908.302,0.9466337732609564,0.9353643479417053,daily_ots=62908.302; share=0.7071; deviation=4.95; robust_z=21.753
5116095829525861647,2025-08-21,206519,grass,Универсальные чистящие средства,60037.434,0.9371906487920778,0.9353643479417053,daily_ots=60037.434; share=0.7967; deviation=3.187; robust_z=19.922
5116095829525861647,2025-09-25,238974,tecno spark,Смартфоны,65373.614,0.9400469988380361,0.9353643479417053,daily_ots=65373.614; share=0.4791; deviation=7.187; robust_z=27.965
5125106987349937950,2025-10-23,199228,акс,Дезодоранты,66374.11799999999,0.9490253377499522,0.9353643479417053,daily_ots=66374.118; share=0.7509; deviation=4.506; robust_z=30.54
5197164996113048095,2025-09-27,213474,nike,Одежда,37594.752,0.9387136308192136,0.9353643479417053,daily_ots=37594.752; share=0.5132; deviation=4.619; robust_z=15.794
5197164996113048095,2025-10-22,213474,nike,Обувь,139576.325,0.9498228149586954,0.9353643479417053,daily_ots=139576.325; share=0.6069; deviation=10.925; robust_z=64.361
5198136641676584448,2025-09-21,214199,oppo (электроника),Смартфоны,33147.862,0.9383578155078822,0.9353643479417053,daily_ots=33147.862; share=0.4982; deviation=4.483; robust_z=24.909
5269222534854845313,2025-10-28,207447,honor,Смарт-часы и браслеты,21632.03,0.9377167120468486,0.9353643479417053,daily_ots=21632.03; share=0.6469; deviation=3.234; robust_z=13.3
5269222877690299145,2025-09-16,207543,huawei,Смартфоны,69264.455,0.9408543036020881,0.9353643479417053,daily_ots=69264.455; share=0.4698; deviation=7.517; robust_z=30.641
5269222877690299145,2025-09-27,198476,apple airpods,Аудиотехника,27519.605000000003,0.9385968563384842,0.9353643479417053,daily_ots=27519.605; share=0.6409; deviation=3.205; robust_z=17.685
5269224956824505472,2025-09-30,215722,puma,Обувь,24778.936,0.935718538815953,0.9353643479417053,daily_ots=24778.936; share=0.7297; deviation=2.919; robust_z=19.668
5269224956824505472,2025-10-11,215722,puma,Обувь,45989.036,0.9415040784354533,0.9353643479417053,daily_ots=45989.036; share=0.7523; deviation=3.762; robust_z=11.352
5269824042523099520,2025-09-21,212359,mixit,Средства для волос,26917.417,0.9386523531214049,0.9353643479417053,daily_ots=26917.417; share=0.6383; deviation=3.192; robust_z=101.512
5270070211184864256,2025-06-24,200782,braun,Малая техника,68379.16,0.9382127145442037,0.9353643479417053,daily_ots=68379.16; share=0.9416; deviation=2.825; robust_z=47.719
5332267584642577160,2025-09-07,221015,vichy,Средства для волос,18463.048,0.9411340998826475,0.9353643479417053,daily_ots=18463.048; share=0.839; deviation=2.517; robust_z=137.972
5332267584642577280,2025-07-15,207447,honor,Аудиотехника,28147.651,0.939650139031003,0.9353643479417053,daily_ots=28147.651; share=0.8855; deviation=2.657; robust_z=23.837
5332267584642577280,2025-10-19,219383,tefal,Малая техника,25836.616,0.9398068018244568,0.9353643479417053,daily_ots=25836.616; share=0.6749; deviation=3.374; robust_z=15.045
5332267584642577308,2025-10-15,215234,poco,Смартфоны,236657.976,0.9563121809657597,0.9353643479417053,daily_ots=236657.976; share=0.7619; deviation=15.238; robust_z=284.618
5332267584642577320,2025-09-04,206402,google pixel,Смартфоны,60306.789,0.9381210870432355,0.9353643479417053,daily_ots=60306.789; share=0.5767; deviation=4.037; robust_z=16.058
5341282584036789312,2025-10-12,199450,balenciaga,Обувь,41518.776,0.9457365752704023,0.9353643479417053,daily_ots=41518.776; share=0.9465; deviation=2.839; robust_z=51.968
5404326610889164485,2025-07-13,219306,tcl (техника),Крупная техника,32197.943999999996,0.940384315221727,0.9353643479417053,daily_ots=32197.944; share=0.6275; deviation=3.137; robust_z=70.507
5404327400063577413,2025-08-27,213474,nike,Обувь,233412.68,0.9518996086320622,0.9353643479417053,daily_ots=233412.68; share=0.7325; deviation=8.79; robust_z=49.35
5413337214202460504,2025-09-02,207902,indesit,Крупная техника,35398.242,0.9514882965378102,0.9353643479417053,daily_ots=35398.242; share=0.7689; deviation=4.613; robust_z=75.643
5413337214202463640,2025-08-18,214544,pampers,Подгузники,20922.052,0.9378878271275213,0.9353643479417053,daily_ots=20922.052; share=0.5527; deviation=3.869; robust_z=21.513
5476385132355153731,2025-10-28,209960,lassie,Детские одежда и обувь,45249.892,0.943574802148188,0.9353643479417053,daily_ots=45249.892; share=0.9046; deviation=2.714; robust_z=43.619
5548441990942654369,2025-09-02,207943,infinix,Смартфоны,53672.526,0.9448359087309158,0.9353643479417053,daily_ots=53672.526; share=0.5666; deviation=5.1; robust_z=63.083
5548442020957777681,2025-10-27,281079,samsung galaxy,Аудиотехника,52881.59,0.9364934704566344,0.9353643479417053,daily_ots=52881.59; share=0.9411; deviation=2.823; robust_z=33.122
5557452949714472260,2025-10-15,207943,infinix,Смартфоны,54178.608,0.9357691218212194,0.9353643479417053,daily_ots=54178.608; share=0.5774; deviation=4.042; robust_z=15.498
5629511129885831680,2025-10-12,219306,tcl (техника),Крупная техника,22999.332,0.9486137366099558,0.9353643479417053,daily_ots=22999.332; share=0.8617; deviation=3.447; robust_z=31.683
5629511450608998465,2025-10-18,307306,tecno camon,Смартфоны,17995.42,0.9451310244359272,0.9353643479417053,daily_ots=17995.42; share=0.8148; deviation=3.259; robust_z=41.943
5629511854270500800,2025-06-26,207558,huggies,Подгузники,27934.359,0.9370547972922195,0.9353643479417053,daily_ots=27934.359; share=0.5492; deviation=4.393; robust_z=12.52
5629511854270504897,2025-09-15,197627,adidas,Одежда,185232.271,0.9397091043628566,0.9353643479417053,daily_ots=185232.271; share=0.8522; deviation=4.261; robust_z=91.09
5629511959330150400,2025-06-13,197627,adidas,Одежда,34410.816,0.9379095055583497,0.9353643479417053,daily_ots=34410.816; share=0.5231; deviation=4.185; robust_z=20.114
5629511959330150400,2025-08-11,213360,new balance,Обувь,51236.802,0.9513489764890191,0.9353643479417053,daily_ots=51236.802; share=0.9186; deviation=3.674; robust_z=65.551
5629511959330150400,2025-08-22,197627,adidas,Обувь,76716.492,0.9387029361266713,0.9353643479417053,daily_ots=76716.492; share=0.5379; deviation=4.841; robust_z=13.814
5629511959330150400,2025-08-22,213360,new balance,Обувь,38358.246,0.9414745957695264,0.9353643479417053,daily_ots=38358.246; share=0.7087; deviation=3.544; robust_z=14.877
5629512838538415361,2025-10-31,215274,polaris (бытовая техника),Малая техника,24041.13,0.9373594515067956,0.9353643479417053,daily_ots=24041.13; share=0.6509; deviation=3.254; robust_z=146.763
5692557201135915351,2025-09-03,197627,adidas,Одежда,20731.758,0.9399689564870537,0.9353643479417053,daily_ots=20731.758; share=0.6681; deviation=3.34; robust_z=16.817
5764614858704116186,2025-06-04,369276,iqoo,Смартфоны,54085.515,0.9498606799512092,0.9353643479417053,daily_ots=54085.515; share=0.7793; deviation=3.897; robust_z=29.076
5764614858704116186,2025-06-06,369276,iqoo,Смартфоны,37278.092,0.9510211986148929,0.9353643479417053,daily_ots=37278.092; share=0.6943; deviation=5.554; robust_z=37.818
5764614858704116186,2025-06-07,369276,iqoo,Смартфоны,77124.372,0.9472598463432823,0.9353643479417053,daily_ots=77124.372; share=0.813; deviation=3.252; robust_z=28.717
5764614858704116186,2025-06-08,369276,iqoo,Смартфоны,60044.49,0.947437031384587,0.9353643479417053,daily_ots=60044.49; share=0.7237; deviation=4.342; robust_z=16.091
5764614858704116186,2025-06-27,214199,oppo (электроника),Смартфоны,44029.515,0.9484671904175556,0.9353643479417053,daily_ots=44029.515; share=0.703; deviation=4.218; robust_z=29.248
5764614858704116186,2025-06-28,214142,oneplus,Смартфоны,79925.09400000001,0.9511336374094564,0.9353643479417053,daily_ots=79925.094; share=0.7581; deviation=4.549; robust_z=29.087
5764615010830211364,2025-09-25,216181,redmi,Смартфоны,124921.47499999999,0.9379132631530266,0.9353643479417053,daily_ots=124921.475; share=0.4047; deviation=10.927; robust_z=48.291
5836672162506749888,2025-10-24,221942,xiaomi,Смарт-часы и браслеты,25647.546000000002,0.9357107345808549,0.9353643479417053,daily_ots=25647.546; share=0.5346; deviation=3.742; robust_z=15.844
5836672477688190152,2025-10-05,197627,adidas,Одежда,15123.97,0.9360590347028321,0.9353643479417053,daily_ots=15123.97; share=0.6046; deviation=3.023; robust_z=16.218
5836672477688190152,2025-10-15,213360,new balance,Обувь,8883.141,0.9357387720180597,0.9353643479417053,daily_ots=8883.141; share=0.6895; deviation=2.758; robust_z=13.778
5908729607245342097,2025-10-09,217082,samsung,Смартфоны,44477.772,0.9387072718128372,0.9353643479417053,daily_ots=44477.772; share=0.5411; deviation=4.329; robust_z=15.672
5919081127676350592,2025-08-27,216181,redmi,Смарт-часы и браслеты,26376.557999999997,0.9362217674569178,0.9353643479417053,daily_ots=26376.558; share=0.7204; deviation=2.882; robust_z=46.188
5919328751150185280,2025-10-15,197627,adidas,Одежда,51543.296,0.947139314267876,0.9353643479417053,daily_ots=51543.296; share=0.6829; deviation=5.463; robust_z=33.443
5980787364025192643,2025-09-20,307306,tecno camon,Смартфоны,27337.026,0.9393269858887867,0.9353643479417053,daily_ots=27337.026; share=0.7409; deviation=2.964; robust_z=17.861
5980787599406315050,2025-09-09,216114,realme,Смартфоны,73557.888,0.9372727377834815,0.9353643479417053,daily_ots=73557.888; share=0.4027; deviation=9.666; robust_z=51.447
5980787599406315060,2025-08-23,222732,агуша,Детское питание,38288.152,0.9443786383633074,0.9353643479417053,daily_ots=38288.152; share=0.8192; deviation=3.277; robust_z=28.039
5989799398687552961,2025-07-09,210322,lg,Крупная техника,55539.548,0.942321210754814,0.9353643479417053,daily_ots=55539.548; share=0.8233; deviation=3.293; robust_z=49.968
6052843385257647256,2025-07-13,221942,xiaomi,Малая техника,54066.409999999996,0.9485510136834256,0.9353643479417053,daily_ots=54066.41; share=0.6878; deviation=4.815; robust_z=23.073
6052843385257647256,2025-07-15,216575,roborock,Малая техника,40212.908,0.9418925559158994,0.9353643479417053,daily_ots=40212.908; share=0.8909; deviation=2.673; robust_z=21.814
6052843423965704425,2025-10-17,214973,philips,Крупная техника,6516.611,0.9393593590121573,0.9353643479417053,daily_ots=6516.611; share=0.6963; deviation=2.785; robust_z=34.937
6052843423965704425,2025-10-22,214973,philips,Крупная техника,58757.661,0.9471419156795755,0.9353643479417053,daily_ots=58757.661; share=0.9588; deviation=2.877; robust_z=47.687
6052843423965704462,2025-07-11,199814,befree,Одежда,81739.47899999999,0.9508645358214391,0.9353643479417053,daily_ots=81739.479; share=0.782; deviation=4.692; robust_z=19.698
6052843423965704462,2025-08-16,214036,ollin,Средства для волос,25390.468,0.9384393264077974,0.9353643479417053,daily_ots=25390.468; share=0.6562; deviation=3.281; robust_z=13.202
6052843423965704462,2025-10-21,216798,royal canin,Корм для кошек,50501.398,0.9498343767884705,0.9353643479417053,daily_ots=50501.398; share=0.8563; deviation=3.425; robust_z=43.44
6052843423965704462,2025-10-21,222295,zarina,Одежда,25250.699,0.9378863818987992,0.9353643479417053,daily_ots=25250.699; share=0.8379; deviation=2.514; robust_z=24.714
6052843423965704468,2025-09-09,205729,futurino,Детские одежда и обувь,56278.992,0.9445564014961008,0.9353643479417053,daily_ots=56278.992; share=0.9248; deviation=2.774; robust_z=66.278
6052843423965704501,2025-10-13,207543,huawei,Аудиотехника,36523.7,0.936103836793211,0.9353643479417053,daily_ots=36523.7; share=0.7114; deviation=2.845; robust_z=17.526
6052843423965704511,2025-07-10,206519,grass,Универсальные чистящие средства,62647.473000000005,0.9527468017088385,0.9353643479417053,daily_ots=62647.473; share=0.8229; deviation=4.937; robust_z=67.356
6052843423965704511,2025-08-08,221942,xiaomi,Смарт-часы и браслеты,50189.684,0.9485137267824006,0.9353643479417053,daily_ots=50189.684; share=0.6821; deviation=5.457; robust_z=33.615
6052843423965704632,2025-09-30,217412,sela,Одежда,33138.06,0.9464889613430222,0.9353643479417053,daily_ots=33138.06; share=0.641; deviation=4.487; robust_z=30.593
6052843423965704808,2025-07-22,213997,old spice,Дезодоранты,13424.534,0.9353867143014054,0.9353643479417053,daily_ots=13424.534; share=0.6962; deviation=2.785; robust_z=12.568
6052843423965704808,2025-08-29,242139,яндекс,Крупная техника,37770.906,0.9478087442118589,0.9353643479417053,daily_ots=37770.906; share=0.9605; deviation=2.881; robust_z=332.408
6052843423965704808,2025-10-08,242139,яндекс,Аудиотехника,162804.576,0.9436089095460248,0.9353643479417053,daily_ots=162804.576; share=0.4864; deviation=11.188; robust_z=75.684
6061856428691210627,2025-10-19,209721,la roche posay,Средства для умывания и ухода за лицом,61689.545,0.9378022695871848,0.9353643479417053,daily_ots=61689.545; share=0.8662; deviation=2.599; robust_z=16.791
6133914376630410496,2025-10-01,206402,google pixel,Смартфоны,23899.016,0.9411164680922404,0.9353643479417053,daily_ots=23899.016; share=0.6074; deviation=4.252; robust_z=12.148
6133915001473537600,2025-10-02,238974,tecno spark,Смартфоны,42411.6,0.9413517513281652,0.9353643479417053,daily_ots=42411.6; share=0.577; deviation=4.616; robust_z=21.088
6196958805535046283,2025-06-23,208375,jbl (аудиотехника),Аудиотехника,47305.1,0.9468806183266564,0.9353643479417053,daily_ots=47305.1; share=0.6332; deviation=5.065; robust_z=40.035
6196958805535046283,2025-10-06,222295,zarina,Одежда,67684.876,0.9462319996762688,0.9353643479417053,daily_ots=67684.876; share=0.7433; deviation=3.716; robust_z=39.491
6196960145816224397,2025-08-16,216181,redmi,Смарт-часы и браслеты,21289.278,0.9380300376337559,0.9353643479417053,daily_ots=21289.278; share=0.7306; deviation=2.923; robust_z=15.073
6196961100373024751,2025-06-28,198590,aravia,Средства для умывания и ухода за лицом,49636.734000000004,0.9387561205436373,0.9353643479417053,daily_ots=49636.734; share=0.7922; deviation=3.169; robust_z=10.585
6205969366230461440,2025-07-25,213474,nike,Одежда,53478.104999999996,0.9453200603527515,0.9353643479417053,daily_ots=53478.105; share=0.8642; deviation=3.457; robust_z=27.763
6341072931965192050,2025-10-06,218309,sony,Малая техника,15743.112,0.9372345837452236,0.9353643479417053,daily_ots=15743.112; share=0.8639; deviation=2.592; robust_z=14.207
6341074104264851725,2025-06-04,238974,tecno spark,Смартфоны,26699.476,0.9412760213431378,0.9353643479417053,daily_ots=26699.476; share=0.5888; deviation=4.711; robust_z=16.814
6341074104264852173,2025-09-21,230759,ласка,Товары для стирки,24948.79,0.9371470028846764,0.9353643479417053,daily_ots=24948.79; share=0.6679; deviation=3.34; robust_z=10.748
6341074104264852773,2025-09-19,215761,purina one,Корм для кошек,35770.392,0.9426903221703867,0.9353643479417053,daily_ots=35770.392; share=0.749; deviation=3.745; robust_z=14.7
6341074104264853588,2025-10-04,214973,philips,Малая техника,39155.0,0.9473141869432257,0.9353643479417053,daily_ots=39155.0; share=0.7487; deviation=4.492; robust_z=16.52
6341074104264853846,2025-10-01,224020,atlant (бытовая техника),Крупная техника,107994.115,0.9520117583808814,0.9353643479417053,daily_ots=107994.115; share=0.7456; deviation=5.965; robust_z=143.287
6341074104264854133,2025-07-11,242139,яндекс,Аудиотехника,125443.31999999999,0.9548345791204916,0.9353643479417053,daily_ots=125443.32; share=0.7401; deviation=9.621; robust_z=66.575
6341074104264855487,2025-10-05,238974,tecno spark,Смартфоны,37727.100000000006,0.9388963077296615,0.9353643479417053,daily_ots=37727.1; share=0.5812; deviation=4.068; robust_z=20.749
6350087783588510913,2025-10-26,203587,dreame,Малая техника,29111.345,0.9382696565558466,0.9353643479417053,daily_ots=29111.345; share=0.6067; deviation=3.033; robust_z=46.987
6413133733194254145,2025-08-31,211535,matrix (уход за волосами),Средства для волос,54304.066,0.9428614372510594,0.9353643479417053,daily_ots=54304.066; share=0.8525; deviation=3.41; robust_z=18.79
6495489739328867520,2025-07-04,311362,tecno pova,Смартфоны,31234.16,0.9387604562298029,0.9353643479417053,daily_ots=31234.16; share=0.5987; deviation=4.191; robust_z=11.916
6557246880847484935,2025-08-16,215234,poco,Смартфоны,254126.656,0.9546183729036957,0.9353643479417053,daily_ots=254126.656; share=0.7241; deviation=11.585; robust_z=94.403
6557246880847484935,2025-08-17,207543,huawei,Смартфоны,49791.246,0.9440982639912593,0.9353643479417053,daily_ots=49791.246; share=0.529; deviation=6.348; robust_z=54.089
6557248456781430976,2025-10-24,218309,sony,Аудиотехника,21114.995,0.938478636629033,0.9353643479417053,daily_ots=21114.995; share=0.8144; deviation=2.443; robust_z=36.143
6566258848326450193,2025-09-09,213619,nokia,Смартфоны,54259.431,0.9387116074990028,0.9353643479417053,daily_ots=54259.431; share=0.6622; deviation=5.96; robust_z=36.014
6629304165209876323,2025-09-30,204459,estel,Средства для волос,68914.587,0.9367541897180648,0.9353643479417053,daily_ots=68914.587; share=0.6321; deviation=3.792; robust_z=15.888
6629304165209876323,2025-10-06,207543,huawei,Смарт-часы и браслеты,25418.543,0.9414190989866057,0.9353643479417053,daily_ots=25418.543; share=0.5585; deviation=5.027; robust_z=31.337
6629304165209876489,2025-08-30,206804,haier,Крупная техника,44254.522,0.944269379071932,0.9353643479417053,daily_ots=44254.522; share=0.5953; deviation=4.762; robust_z=23.489
6629304165209876517,2025-07-02,197548,asics,Обувь,45131.144,0.9439560534850245,0.9353643479417053,daily_ots=45131.144; share=0.6336; deviation=4.436; robust_z=17.198
6629304165209876517,2025-07-25,213768,nubia,Смартфоны,23409.262,0.9421628136868941,0.9353643479417053,daily_ots=23409.262; share=0.7621; deviation=3.048; robust_z=22.633
6629304165209876610,2025-07-14,197627,adidas,Обувь,33975.088,0.9468921801564316,0.9353643479417053,daily_ots=33975.088; share=0.6568; deviation=4.598; robust_z=24.811
6629304165209876610,2025-09-14,220410,ugoos,Крупная техника,72610.881,0.9474321176069325,0.9353643479417053,daily_ots=72610.881; share=0.9688; deviation=2.907; robust_z=178.927
6629304165209876826,2025-07-02,205874,garnier,Краски для волос,51185.638,0.9441765953879863,0.9353643479417053,daily_ots=51185.638; share=0.9111; deviation=2.733; robust_z=143.258
6629304165209876826,2025-07-10,281079,samsung galaxy,Смарт-часы и браслеты,27617.744,0.9375713220374255,0.9353643479417053,daily_ots=27617.744; share=0.5992; deviation=2.996; robust_z=71.165
6629304165209877199,2025-06-22,198484,apple iphone,Смартфоны,391327.18200000003,0.9407956273159791,0.9353643479417053,daily_ots=391327.182; share=0.4417; deviation=19.433; robust_z=73.153
6629304165209877269,2025-08-13,207543,huawei,Смартфоны,58150.884999999995,0.9393414381760058,0.9353643479417053,daily_ots=58150.885; share=0.509; deviation=5.09; robust_z=19.17
6629304165209877384,2025-07-12,199833,beko,Крупная техника,49752.704999999994,0.9462028060560865,0.9353643479417053,daily_ots=49752.705; share=0.6769; deviation=4.062; robust_z=31.294
6629304165209877384,2025-07-12,207902,indesit,Крупная техника,59703.246,0.9434201626749449,0.9353643479417053,daily_ots=59703.246; share=0.6357; deviation=4.45; robust_z=15.542
6629304165209877571,2025-09-07,214553,panasonic,Аудиотехника,17979.442,0.9395362550077176,0.9353643479417053,daily_ots=17979.442; share=0.8498; deviation=2.549; robust_z=30.794
6629304165209877635,2025-07-20,221942,xiaomi,Смарт-часы и браслеты,59163.444,0.9414783533642035,0.9353643479417053,daily_ots=59163.444; share=0.6659; deviation=3.995; robust_z=13.227
6629304165209877741,2025-06-02,208375,jbl (аудиотехника),Аудиотехника,126099.407,0.9515611360653937,0.9353643479417053,daily_ots=126099.407; share=0.6604; deviation=8.585; robust_z=63.718
6629304165209877741,2025-10-20,281079,samsung galaxy,Смарт-часы и браслеты,13219.108,0.9382580947260714,0.9353643479417053,daily_ots=13219.108; share=0.7098; deviation=2.839; robust_z=41.474
6629304165209877823,2025-08-30,198674,ariel,Товары для стирки,17578.81,0.9398568067382345,0.9353643479417053,daily_ots=17578.81; share=0.757; deviation=3.028; robust_z=62.011
6629304165209877951,2025-08-25,221229,vivo (электроника),Смартфоны,62965.25399999999,0.9354523276853796,0.9353643479417053,daily_ots=62965.254; share=0.7044; deviation=2.817; robust_z=14.959
6629304165209878003,2025-07-23,197627,adidas,Обувь,33719.07,0.9364836429013256,0.9353643479417053,daily_ots=33719.07; share=0.4454; deviation=5.345; robust_z=19.584
6629304165209878011,2025-06-02,198151,amazfit,Смарт-часы и браслеты,22805.12,0.9386899290681744,0.9353643479417053,daily_ots=22805.12; share=0.8171; deviation=2.451; robust_z=47.378
6629304165209878404,2025-08-06,213486,nikon,Малая техника,21746.338,0.9426050536757948,0.9353643479417053,daily_ots=21746.338; share=0.7086; deviation=3.543; robust_z=22.729
6629304165209878736,2025-07-25,311362,tecno pova,Смартфоны,35325.408,0.9383326685281212,0.9353643479417053,daily_ots=35325.408; share=0.6748; deviation=4.049; robust_z=16.093
6629304165209878911,2025-08-01,221229,vivo (электроника),Смартфоны,89988.15000000001,0.948042582219062,0.9353643479417053,daily_ots=89988.15; share=0.6406; deviation=5.765; robust_z=29.818
6629305709414973060,2025-09-26,207543,huawei,Смарт-часы и браслеты,91176.976,0.9513773029719683,0.9353643479417053,daily_ots=91176.976; share=0.6751; deviation=7.426; robust_z=42.317
6639455266640015296,2025-08-04,214199,oppo (электроника),Смартфоны,25149.798,0.9472060838348277,0.9353643479417053,daily_ots=25149.798; share=0.796; deviation=3.98; robust_z=16.234
6701361217345430160,2025-07-17,219383,tefal,Малая техника,106581.41,0.943574802148188,0.9353643479417053,daily_ots=106581.41; share=0.9025; deviation=3.61; robust_z=41.278
6701361217345430821,2025-07-18,207543,huawei,Смарт-часы и браслеты,48507.852,0.937475647896036,0.9353643479417053,daily_ots=48507.852; share=0.4932; deviation=4.932; robust_z=17.473
6701361217345430821,2025-08-06,207543,huawei,Смарт-часы и браслеты,139732.572,0.9516819571865445,0.9353643479417053,daily_ots=139732.572; share=0.6855; deviation=6.855; robust_z=60.582
6701361217345430821,2025-08-07,207543,huawei,Смарт-часы и браслеты,37758.184,0.9497999803448894,0.9353643479417053,daily_ots=37758.184; share=0.7977; deviation=3.989; robust_z=46.699
6701361217345430821,2025-10-19,207543,huawei,Смарт-часы и браслеты,25836.616,0.9388127735095356,0.9353643479417053,daily_ots=25836.616; share=0.489; deviation=4.89; robust_z=29.677
6710374421143547864,2025-06-16,208796,kappa,Одежда,28638.416999999998,0.9384338345386541,0.9353643479417053,daily_ots=28638.417; share=0.8241; deviation=2.472; robust_z=182.673
6710377279947371714,2025-10-22,197548,asics,Обувь,42356.212,0.9426001398981403,0.9353643479417053,daily_ots=42356.212; share=0.7909; deviation=3.164; robust_z=22.582
6710377279947371714,2025-10-22,213360,new balance,Обувь,63534.318,0.9457010226438436,0.9353643479417053,daily_ots=63534.318; share=0.7089; deviation=4.254; robust_z=17.705
6710896979337277376,2025-07-05,207943,infinix,Смартфоны,77245.11499999999,0.9381855442442322,0.9353643479417053,daily_ots=77245.115; share=0.4256; deviation=8.513; robust_z=33.31
6711600666779088385,2025-08-11,199389,baden,Обувь,17990.49,0.9435759583311655,0.9353643479417053,daily_ots=17990.49; share=0.9139; deviation=2.742; robust_z=687.793
6782681557186412288,2025-10-04,197627,adidas,Обувь,31643.345999999998,0.9435629512726684,0.9353643479417053,daily_ots=31643.346; share=0.5494; deviation=5.494; robust_z=39.544
6854490180147622592,2025-10-29,214973,philips,Малая техника,32741.864999999998,0.9364431764971125,0.9353643479417053,daily_ots=32741.865; share=0.6929; deviation=3.464; robust_z=9.274
6927737971451443776,2025-07-25,197627,adidas,Обувь,65865.964,0.9499855477127811,0.9353643479417053,daily_ots=65865.964; share=0.673; deviation=5.384; robust_z=82.461
6927737971451443776,2025-07-25,213474,nike,Обувь,115265.437,0.9480975009104942,0.9353643479417053,daily_ots=115265.437; share=0.6504; deviation=5.203; robust_z=37.966
6927737971451443776,2025-10-03,197627,adidas,Обувь,65051.672,0.9455226814195615,0.9353643479417053,daily_ots=65051.672; share=0.6198; deviation=4.958; robust_z=25.935
6927737971451443776,2025-10-03,197627,adidas,Одежда,113840.42599999999,0.9371293710942694,0.9353643479417053,daily_ots=113840.426; share=0.4498; deviation=5.397; robust_z=25.566
6927906236549392704,2025-09-03,369276,iqoo,Смартфоны,30908.422,0.9385318210459987,0.9353643479417053,daily_ots=30908.422; share=0.5545; deviation=4.436; robust_z=11.635
6927906236549392704,2025-09-15,214142,oneplus,Смартфоны,30395.9,0.9371715717729487,0.9353643479417053,daily_ots=30395.9; share=0.5035; deviation=4.028; robust_z=18.391
6927906236549392704,2025-09-18,207943,infinix,Смартфоны,69749.512,0.9400718567720527,0.9353643479417053,daily_ots=69749.512; share=0.4433; deviation=8.423; robust_z=41.625
6927906236549392704,2025-09-18,215234,poco,Смартфоны,69749.512,0.935467936155576,0.9353643479417053,daily_ots=69749.512; share=0.3861; deviation=8.494; robust_z=28.504
6927906236549392704,2025-09-24,369276,iqoo,Смартфоны,32291.6,0.9375629397108386,0.9353643479417053,daily_ots=32291.6; share=0.51; deviation=5.1; robust_z=11.856
6927906236549392704,2025-10-09,214142,oneplus,Смартфоны,211632.90000000002,0.9562679569668696,0.9353643479417053,daily_ots=211632.9; share=0.9196; deviation=4.598; robust_z=113.979
6927906236549392704,2025-10-11,215234,poco,Смартфоны,60338.16,0.9375389489140552,0.9353643479417053,daily_ots=60338.16; share=0.4107; deviation=8.215; robust_z=35.615
6998605659912808066,2025-10-15,212359,mixit,Средства для умывания и ухода за лицом,51178.722,0.9476991958747392,0.9353643479417053,daily_ots=51178.722; share=0.8393; deviation=3.357; robust_z=41.112
6998872468341592896,2025-06-04,206402,google pixel,Смартфоны,83212.197,0.9410274420029715,0.9353643479417053,daily_ots=83212.197; share=0.7946; deviation=3.973; robust_z=19.931
6999901611225248000,2025-07-04,219383,tefal,Малая техника,36819.807,0.9444800934195846,0.9353643479417053,daily_ots=36819.807; share=0.8798; deviation=2.639; robust_z=208.137
6999901611225248000,2025-07-19,217412,sela,Одежда,37310.127,0.9394989681066926,0.9353643479417053,daily_ots=37310.127; share=0.8094; deviation=2.428; robust_z=255.003
6999901611225248000,2025-09-13,199814,befree,Одежда,37561.338,0.9410054745263986,0.9353643479417053,daily_ots=37561.338; share=0.8606; deviation=2.582; robust_z=21.272
6999901611225248000,2025-09-24,210440,lime (одежда),Одежда,12340.737,0.9359006376349122,0.9353643479417053,daily_ots=12340.737; share=0.6982; deviation=2.793; robust_z=11.65
6999901611225248000,2025-10-04,222295,zarina,Одежда,24387.31,0.9388463028158835,0.9353643479417053,daily_ots=24387.31; share=0.6218; deviation=3.109; robust_z=19.993
6999901611225248000,2025-10-23,210440,lime (одежда),Одежда,11964.175,0.936196042385668,0.9353643479417053,daily_ots=11964.175; share=0.8327; deviation=2.498; robust_z=12.307
7000147901829877888,2025-07-02,199450,balenciaga,Одежда,42049.236,0.93693339807958,0.9353643479417053,daily_ots=42049.236; share=0.8879; deviation=2.664; robust_z=11.751
7000147901829877888,2025-07-24,198476,apple airpods,Аудиотехника,58825.023,0.9407291467947717,0.9353643479417053,daily_ots=58825.023; share=0.8834; deviation=2.65; robust_z=31.0
7070663956211113984,2025-06-29,212359,mixit,Средства для волос,28450.646,0.9428608591595706,0.9353643479417053,daily_ots=28450.646; share=0.7329; deviation=3.664; robust_z=17.324
7143550849188499200,2025-07-14,213474,nike,Обувь,31374.875999999997,0.935532682402317,0.9353643479417053,daily_ots=31374.876; share=0.4889; deviation=4.4; robust_z=16.567
7277824441388353957,2025-07-03,203587,dreame,Малая техника,52392.758,0.9399339819519837,0.9353643479417053,daily_ots=52392.758; share=0.7632; deviation=3.053; robust_z=12.991
7277824441388353957,2025-07-04,203587,dreame,Малая техника,30475.632,0.94471277524381,0.9353643479417053,daily_ots=30475.632; share=0.6267; deviation=4.387; robust_z=22.216
7277824441388353957,2025-07-30,203587,dreame,Малая техника,107349.87,0.9516764653174012,0.9353643479417053,daily_ots=107349.87; share=0.8031; deviation=4.015; robust_z=74.765
7277824441388353957,2025-08-10,217082,samsung,Малая техника,68986.026,0.9473292173219333,0.9353643479417053,daily_ots=68986.026; share=0.9737; deviation=2.921; robust_z=157.071
7286835588169424548,2025-10-01,225603,вконтакте,Аудиотехника,16500.018,0.9439063376169913,0.9353643479417053,daily_ots=16500.018; share=0.7741; deviation=3.096; robust_z=149.411
7286836340193220480,2025-10-23,369276,iqoo,Смартфоны,31519.314,0.9359084418700103,0.9353643479417053,daily_ots=31519.314; share=0.5338; deviation=4.271; robust_z=15.027
7359688153861531776,2025-08-24,213474,nike,Одежда,19568.014,0.9367871409329241,0.9353643479417053,daily_ots=19568.014; share=0.6272; deviation=3.136; robust_z=20.095
7421937771504245228,2025-08-25,198151,amazfit,Смарт-часы и браслеты,43399.8,0.9375369255938446,0.9353643479417053,daily_ots=43399.8; share=0.7393; deviation=2.957; robust_z=15.802
7430951976169582016,2025-06-04,215274,polaris (бытовая техника),Малая техника,22325.481,0.9491250585317632,0.9353643479417053,daily_ots=22325.481; share=0.7528; deviation=3.764; robust_z=56.879
7430951976169582016,2025-08-25,210365,liebherr,Крупная техника,16339.326,0.9410303324604153,0.9353643479417053,daily_ots=16339.326; share=0.8811; deviation=2.643; robust_z=24.993
7493995542453564627,2025-10-25,215761,purina one,Корм для кошек,25254.722999999998,0.942081302786979,0.9353643479417053,daily_ots=25254.723; share=0.6271; deviation=4.39; robust_z=17.333
7575065665715701012,2025-08-14,216182,redmond (бытовая техника),Малая техника,27021.064,0.935688189012793,0.9353643479417053,daily_ots=27021.064; share=0.6937; deviation=3.468; robust_z=9.464
7575067590023580160,2025-07-07,307306,tecno camon,Смартфоны,24504.195,0.9444225733164532,0.9353643479417053,daily_ots=24504.195; share=0.6778; deviation=3.389; robust_z=54.395
7575067590023580160,2025-09-10,433688,abc (одежда),Товары для стирки,25964.156,0.9360483400102901,0.9353643479417053,daily_ots=25964.156; share=0.5829; deviation=3.498; robust_z=11.63
7576643904375722625,2025-09-06,219306,tcl (техника),Крупная техника,94724.304,0.9492600428943886,0.9353643479417053,daily_ots=94724.304; share=0.9711; deviation=2.913; robust_z=217.575
7576643904375722625,2025-09-06,220042,toshiba,Крупная техника,23681.076,0.9432412433591741,0.9353643479417053,daily_ots=23681.076; share=0.8972; deviation=2.692; robust_z=19.672
7576643904375722625,2025-09-08,219306,tcl (техника),Крупная техника,81990.716,0.9492386535093045,0.9353643479417053,daily_ots=81990.716; share=0.7964; deviation=3.982; robust_z=16.675
7576643904375722625,2025-09-11,213474,nike,Обувь,136135.146,0.9566151009058694,0.9353643479417053,daily_ots=136135.146; share=0.7918; deviation=7.918; robust_z=171.277
7576643904375722625,2025-09-12,217082,samsung,Крупная техника,71865.429,0.9411381465230687,0.9353643479417053,daily_ots=71865.429; share=0.4768; deviation=7.151; robust_z=28.226
7576643904375722625,2025-09-12,221942,xiaomi,Крупная техника,71865.429,0.9448023794245677,0.9353643479417053,daily_ots=71865.429; share=0.8946; deviation=2.684; robust_z=37.906
7576643904375722625,2025-09-13,213474,nike,Обувь,82382.892,0.9500101166010533,0.9353643479417053,daily_ots=82382.892; share=0.6318; deviation=6.95; robust_z=51.868
7576643904375722625,2025-09-13,219306,tcl (техника),Крупная техника,20595.723,0.9472089742922716,0.9353643479417053,daily_ots=20595.723; share=0.9221; deviation=2.766; robust_z=291.391
7576643904375722625,2025-09-14,202423,crocs,Обувь,44291.246,0.9452266985773169,0.9353643479417053,daily_ots=44291.246; share=0.5894; deviation=4.126; robust_z=117.401
7576643904375722625,2025-09-14,213474,nike,Обувь,44291.246,0.9386243156842002,0.9353643479417053,daily_ots=44291.246; share=0.4602; deviation=5.983; robust_z=21.071
7576643904375722625,2025-09-18,213474,nike,Обувь,197363.232,0.9588332379482377,0.9353643479417053,daily_ots=197363.232; share=0.9039; deviation=7.231; robust_z=201.206
7576643904375722625,2025-09-21,213474,nike,Обувь,150262.69199999998,0.9522164027679021,0.9353643479417053,daily_ots=150262.692; share=0.6761; deviation=7.437; robust_z=72.617
7576643904375722625,2025-09-24,217082,samsung,Крупная техника,45358.034999999996,0.9432571408751149,0.9353643479417053,daily_ots=45358.035; share=0.556; deviation=4.448; robust_z=32.237
7576643904375722625,2025-09-24,242139,яндекс,Крупная техника,75596.72499999999,0.9459490238925212,0.9353643479417053,daily_ots=75596.725; share=0.898; deviation=2.694; robust_z=496.334
7576643904375722625,2025-09-26,198476,apple airpods,Аудиотехника,24453.61,0.9457643236618628,0.9353643479417053,daily_ots=24453.61; share=0.6053; deviation=4.237; robust_z=51.204
7576643904375722625,2025-09-27,242139,яндекс,Крупная техника,63937.21799999999,0.9445220050525196,0.9353643479417053,daily_ots=63937.218; share=0.8794; deviation=2.638; robust_z=73.982
7576643904375722625,2025-09-29,210322,lg,Крупная техника,22367.667,0.9386052386650712,0.9353643479417053,daily_ots=22367.667; share=0.542; deviation=3.794; robust_z=16.962
7576643904375722625,2025-09-29,221942,xiaomi,Крупная техника,22367.667,0.9441742830220311,0.9353643479417053,daily_ots=22367.667; share=0.6682; deviation=3.341; robust_z=34.227
7576643904375722625,2025-09-29,242139,яндекс,Крупная техника,44735.334,0.9510804529924906,0.9353643479417053,daily_ots=44735.334; share=0.8684; deviation=3.474; robust_z=35.018
7576643904375722625,2025-09-30,220328,tuvio,Крупная техника,47822.158,0.9518695478746466,0.9353643479417053,daily_ots=47822.158; share=0.815; deviation=4.075; robust_z=28.028
7576643904375722625,2025-10-01,217082,samsung,Крупная техника,46068.334,0.9479087540394142,0.9353643479417053,daily_ots=46068.334; share=0.6037; deviation=6.641; robust_z=31.745
7576643904375722625,2025-10-01,220042,toshiba,Крупная техника,69102.501,0.9462406710486002,0.9353643479417053,daily_ots=69102.501; share=0.9085; deviation=2.726; robust_z=76.434
7576643904375722625,2025-10-01,242139,яндекс,Крупная техника,115170.835,0.9411872842996132,0.9353643479417053,daily_ots=115170.835; share=0.9098; deviation=2.729; robust_z=11.812
7576643904375722625,2025-10-05,210729,louis vuitton,Одежда,19372.904,0.9432296815293989,0.9353643479417053,daily_ots=19372.904; share=0.8552; deviation=2.566; robust_z=177.636
7576643904375722625,2025-10-05,221942,xiaomi,Смарт-часы и браслеты,116237.424,0.9504040859506425,0.9353643479417053,daily_ots=116237.424; share=0.6931; deviation=5.545; robust_z=26.55
7576643904375722625,2025-10-14,221942,xiaomi,Крупная техника,207569.853,0.9477948700161287,0.9353643479417053,daily_ots=207569.853; share=0.9539; deviation=2.862; robust_z=41.306
7576643904375722625,2025-10-19,197627,adidas,Обувь,44213.728,0.9409306116786043,0.9353643479417053,daily_ots=44213.728; share=0.4712; deviation=7.068; robust_z=30.482
7576643904375722625,2025-10-19,198350,anker,Аудиотехника,44213.728,0.9391206072273,0.9353643479417053,daily_ots=44213.728; share=0.8581; deviation=2.574; robust_z=13.976
7576643904375722625,2025-10-19,202423,crocs,Обувь,44213.728,0.9446957215448917,0.9353643479417053,daily_ots=44213.728; share=0.7949; deviation=3.179; robust_z=15.308
7576643904375722625,2025-10-19,216114,realme,Аудиотехника,88427.456,0.9461513559135869,0.9353643479417053,daily_ots=88427.456; share=0.8245; deviation=3.298; robust_z=14.978
7576643904375722625,2025-10-31,213474,nike,Обувь,90530.088,0.9389119161998578,0.9353643479417053,daily_ots=90530.088; share=0.5256; deviation=5.782; robust_z=11.227
7647122977748702231,2025-08-04,307306,tecno camon,Смартфоны,23593.936,0.9442002971390253,0.9353643479417053,daily_ots=23593.936; share=0.6512; deviation=3.907; robust_z=29.269
7719181970776511680,2025-06-17,206804,haier,Крупная техника,31054.004999999997,0.9372042339420638,0.9353643479417053,daily_ots=31054.005; share=0.5712; deviation=4.569; robust_z=8.932
7719181970776511680,2025-08-24,242139,яндекс,Аудиотехника,56282.967,0.9383063653653828,0.9353643479417053,daily_ots=56282.967; share=0.4281; deviation=8.562; robust_z=28.179
7782225885427882401,2025-07-01,202979,deonica,Дезодоранты,22185.028,0.936333050068504,0.9353643479417053,daily_ots=22185.028; share=0.8991; deviation=2.697; robust_z=25.911
7782225973962770785,2025-06-20,217082,samsung,Крупная техника,37056.29,0.9371550961655191,0.9353643479417053,daily_ots=37056.29; share=0.612; deviation=4.284; robust_z=13.387
7782225973962771393,2025-10-23,221229,vivo (электроника),Смартфоны,28075.328,0.9369114306030072,0.9353643479417053,daily_ots=28075.328; share=0.5369; deviation=4.295; robust_z=15.261
7782225973962771416,2025-06-09,213474,nike,Обувь,251358.88999999998,0.9563763491210119,0.9353643479417053,daily_ots=251358.89; share=0.7757; deviation=12.411; robust_z=135.301
7782225973962771416,2025-06-19,213474,nike,Обувь,83241.06,0.9443370157761167,0.9353643479417053,daily_ots=83241.06; share=0.6086; deviation=6.086; robust_z=17.563
7782225973962771416,2025-06-23,213474,nike,Обувь,49963.966,0.9485799182578635,0.9353643479417053,daily_ots=49963.966; share=0.7164; deviation=5.015; robust_z=33.984
7782225973962771564,2025-09-03,207543,huawei,Смарт-часы и браслеты,38328.295,0.9405395327864587,0.9353643479417053,daily_ots=38328.295; share=0.6292; deviation=3.775; robust_z=13.699
7791239233038936448,2025-07-31,215234,poco,Смартфоны,203521.356,0.954171508182885,0.9353643479417053,daily_ots=203521.356; share=0.7061; deviation=13.416; robust_z=140.819
7791241212634245504,2025-09-06,197627,adidas,Одежда,26829.358,0.9409323459530705,0.9353643479417053,daily_ots=26829.358; share=0.6882; deviation=3.441; robust_z=15.758
7791241212634245504,2025-09-08,208810,kari,Обувь,26212.419,0.9498395796118695,0.9353643479417053,daily_ots=26212.419; share=0.7751; deviation=3.875; robust_z=80.876
7998400403885849124,2025-06-13,216194,reebok,Обувь,65761.408,0.9529543365533029,0.9353643479417053,daily_ots=65761.408; share=0.8987; deviation=3.595; robust_z=395.931
7998400403885849124,2025-08-09,213474,nike,Обувь,31970.634000000002,0.9449627998126984,0.9353643479417053,daily_ots=31970.634; share=0.6207; deviation=4.345; robust_z=23.007
7998400403885849124,2025-09-06,216194,reebok,Обувь,25683.41,0.9434620743078801,0.9353643479417053,daily_ots=25683.41; share=0.6772; deviation=3.386; robust_z=23.567
7998400403885849124,2025-09-24,216194,reebok,Обувь,74938.64,0.9445948445801033,0.9353643479417053,daily_ots=74938.64; share=0.9297; deviation=2.789; robust_z=21.437
7998400403885849124,2025-09-27,216194,reebok,Обувь,42605.638,0.9439343750541961,0.9353643479417053,daily_ots=42605.638; share=0.6153; deviation=3.692; robust_z=46.075
7998400403885849124,2025-10-02,197627,adidas,Одежда,35910.07,0.9374276663024691,0.9353643479417053,daily_ots=35910.07; share=0.6382; deviation=3.191; robust_z=12.468
8007412031770014786,2025-06-26,213820,nutrilon,Детское питание,36223.746,0.9385104316609147,0.9353643479417053,daily_ots=36223.746; share=0.7636; deviation=3.055; robust_z=11.712
8142515912690094339,2025-06-23,202423,crocs,Обувь,40157.372,0.9394995461981813,0.9353643479417053,daily_ots=40157.372; share=0.4951; deviation=5.941; robust_z=21.387
8151526594975941451,2025-08-26,215274,polaris (бытовая техника),Малая техника,36751.734,0.9434565824387368,0.9353643479417053,daily_ots=36751.734; share=0.7247; deviation=3.623; robust_z=23.959
8214571128982578575,2025-08-14,215761,purina one,Корм для кошек,42530.094,0.9359994912794899,0.9353643479417053,daily_ots=42530.094; share=0.5367; deviation=4.293; robust_z=12.018
8214571128982578588,2025-10-04,207543,huawei,Смарт-часы и браслеты,48007.431000000004,0.94398148951053,0.9353643479417053,daily_ots=48007.431; share=0.6189; deviation=3.713; robust_z=190.805
8214572793405073281,2025-08-03,206804,haier,Крупная техника,35963.376,0.9360480509645457,0.9353643479417053,daily_ots=35963.376; share=0.6473; deviation=3.237; robust_z=14.191
8214572793405073281,2025-08-10,307306,tecno camon,Смартфоны,54321.875,0.9484452229409827,0.9353643479417053,daily_ots=54321.875; share=0.8611; deviation=3.444; robust_z=55.459
8214572793405073281,2025-10-13,206804,haier,Крупная техника,35943.195,0.9404256487631734,0.9353643479417053,daily_ots=35943.195; share=0.7377; deviation=2.951; robust_z=97.541
8214572793405073281,2025-10-20,206804,haier,Крупная техника,63747.725999999995,0.9490828578530839,0.9353643479417053,daily_ots=63747.726; share=0.6812; deviation=6.131; robust_z=21.417
8214572793405073281,2025-10-22,219306,tcl (техника),Крупная техника,35556.237,0.9508081719012852,0.9353643479417053,daily_ots=35556.237; share=0.8248; deviation=4.124; robust_z=35.043
8223583918052939661,2025-10-23,221942,xiaomi,Крупная техника,23930.07,0.942935722007365,0.9353643479417053,daily_ots=23930.07; share=0.8846; deviation=2.654; robust_z=231.392
8225047575261536961,2025-06-22,219127,ttaccardi,Обувь,23202.605,0.9354228450194528,0.9353643479417053,daily_ots=23202.605; share=0.5985; deviation=4.189; robust_z=93.73
8295642745197945921,2025-06-09,221942,xiaomi,Смарт-часы и браслеты,25493.46,0.93932785302602,0.9353643479417053,daily_ots=25493.46; share=0.5104; deviation=4.083; robust_z=59.422
8358687489347898503,2025-10-04,221942,xiaomi,Смартфоны,122971.167,0.9382234092367459,0.9353643479417053,daily_ots=122971.167; share=0.4117; deviation=11.939; robust_z=42.802
8367700322646860865,2025-10-06,213703,nothing,Смартфоны,23351.422,0.9407768393425945,0.9353643479417053,daily_ots=23351.422; share=0.7551; deviation=3.02; robust_z=27.343
8367700483004796672,2025-08-04,201236,canon,Малая техника,83420.204,0.940263205054832,0.9353643479417053,daily_ots=83420.204; share=0.7881; deviation=3.941; robust_z=13.329
8367701467274729984,2025-09-19,203755,dyson,Малая техника,29301.051,0.9394518536503588,0.9353643479417053,daily_ots=29301.051; share=0.5921; deviation=3.553; robust_z=20.516
8367701594454496128,2025-08-06,213474,nike,Обувь,103520.965,0.9449954619818133,0.9353643479417053,daily_ots=103520.965; share=0.6; deviation=6.0; robust_z=22.5
8430745724812681766,2025-07-26,207943,infinix,Смартфоны,54394.365000000005,0.9427492875022402,0.9353643479417053,daily_ots=54394.365; share=0.5396; deviation=6.475; robust_z=19.228
8430746051069922433,2025-06-08,206804,haier,Крупная техника,25670.786,0.9390746489539435,0.9353643479417053,daily_ots=25670.786; share=0.7344; deviation=3.672; robust_z=17.156
8502803222098580909,2025-09-14,198504,apple watch,Смарт-часы и браслеты,16918.43,0.9381236884549349,0.9353643479417053,daily_ots=16918.43; share=0.8632; deviation=2.59; robust_z=24.628
8502803222098581352,2025-06-09,217082,samsung,Крупная техника,84010.218,0.9523545666337154,0.9353643479417053,daily_ots=84010.218; share=0.8613; deviation=4.307; robust_z=51.133
8502803222098581352,2025-08-18,217082,samsung,Крупная техника,52274.768,0.9414951180173774,0.9353643479417053,daily_ots=52274.768; share=0.5613; deviation=5.051; robust_z=18.811
8502804186997688729,2025-06-07,214142,oneplus,Смартфоны,92554.65000000001,0.9392555915899251,0.9353643479417053,daily_ots=92554.65; share=0.4688; deviation=5.626; robust_z=27.718
8502804186997688729,2025-06-07,215234,poco,Смартфоны,205677.0,0.9471557898753057,0.9353643479417053,daily_ots=205677.0; share=0.5464; deviation=12.021; robust_z=98.184
8502804186997688729,2025-06-07,221942,xiaomi,Смартфоны,102838.5,0.9504682541058949,0.9353643479417053,daily_ots=102838.5; share=0.7022; deviation=5.618; robust_z=27.375
8502804186997688729,2025-06-08,207543,huawei,Смартфоны,23156.985,0.9465337634334009,0.9353643479417053,daily_ots=23156.985; share=0.6718; deviation=4.703; robust_z=18.127
8502804186997688729,2025-06-14,221942,xiaomi,Смартфоны,67194.97200000001,0.9355575403363336,0.9353643479417053,daily_ots=67194.972; share=0.4105; deviation=6.158; robust_z=23.922
8502804186997688729,2025-09-09,215234,poco,Смартфоны,142273.235,0.9408635530659082,0.9353643479417053,daily_ots=142273.235; share=0.4497; deviation=9.893; robust_z=49.647
8511814487741101120,2025-09-10,224020,atlant (бытовая техника),Крупная техника,41222.391,0.9463450165623213,0.9353643479417053,daily_ots=41222.391; share=0.8259; deviation=3.304; robust_z=23.422
8511816616643963712,2025-10-20,210747,love republic,Одежда,18460.966,0.9363281362908494,0.9353643479417053,daily_ots=18460.966; share=0.8216; deviation=2.465; robust_z=21.113
8655932031432152448,2025-10-08,197627,adidas,Одежда,62891.526,0.940131400195395,0.9353643479417053,daily_ots=62891.526; share=0.6819; deviation=4.091; robust_z=16.39
8656829890936839488,2025-07-29,208375,jbl (аудиотехника),Аудиотехника,205187.626,0.9552606325477071,0.9353643479417053,daily_ots=205187.626; share=0.7546; deviation=10.564; robust_z=58.765
8656829890936839488,2025-07-29,217082,samsung,Смартфоны,102593.813,0.9490553985073678,0.9353643479417053,daily_ots=102593.813; share=0.655; deviation=5.895; robust_z=36.21
8656829890936839488,2025-07-30,217082,samsung,Смартфоны,102643.858,0.9545105588410422,0.9353643479417053,daily_ots=102643.858; share=0.7408; deviation=8.149; robust_z=77.906
8656829890936839488,2025-08-17,197548,asics,Обувь,27259.196,0.9371802431452803,0.9353643479417053,daily_ots=27259.196; share=0.7352; deviation=2.941; robust_z=18.038
8727988444133190016,2025-09-20,217082,samsung,Крупная техника,26057.274,0.9371790869623027,0.9353643479417053,daily_ots=26057.274; share=0.7583; deviation=5.308; robust_z=30.532
8727990074356778752,2025-07-21,221229,vivo (электроника),Смартфоны,60466.846999999994,0.950204066295532,0.9353643479417053,daily_ots=60466.847; share=0.6367; deviation=7.64; robust_z=53.624
8800233530290716352,2025-07-13,218309,sony,Аудиотехника,47036.394,0.9445376135227161,0.9353643479417053,daily_ots=47036.394; share=0.8208; deviation=3.283; robust_z=13.961
8800233530290716352,2025-10-30,216114,realme,Аудиотехника,71187.59700000001,0.9430764872848777,0.9353643479417053,daily_ots=71187.597; share=0.7896; deviation=3.158; robust_z=14.9
8801587602994100992,2025-07-29,307306,tecno camon,Смартфоны,45216.205,0.9366379933288242,0.9353643479417053,daily_ots=45216.205; share=0.4963; deviation=4.467; robust_z=14.713
8863091449405593921,2025-08-26,201236,canon,Малая техника,46913.337,0.9431990426804946,0.9353643479417053,daily_ots=46913.337; share=0.9223; deviation=2.767; robust_z=21.89
8863091449405593921,2025-08-26,218309,sony,Малая техника,54320.706,0.9427767468479562,0.9353643479417053,daily_ots=54320.706; share=0.7988; deviation=3.195; robust_z=13.324
8872102004503143591,2025-07-05,216194,reebok,Обувь,25974.039,0.9470737008839019,0.9353643479417053,daily_ots=25974.039; share=0.7951; deviation=3.18; robust_z=44.998
8872102004503143591,2025-08-16,214142,oneplus,Смартфоны,31187.116,0.9396388662469723,0.9353643479417053,daily_ots=31187.116; share=0.6964; deviation=2.786; robust_z=37.579
8872102004503143591,2025-08-17,214142,oneplus,Смартфоны,93032.09700000001,0.9475546730025494,0.9353643479417053,daily_ots=93032.097; share=0.8234; deviation=3.294; robust_z=25.085
8872102004503143591,2025-08-17,216114,realme,Смартфоны,124042.796,0.9403952989600135,0.9353643479417053,daily_ots=124042.796; share=0.4445; deviation=8.445; robust_z=52.824
8872102004503143591,2025-08-18,206402,google pixel,Смартфоны,126341.188,0.9562078354520387,0.9353643479417053,daily_ots=126341.188; share=0.9185; deviation=4.592; robust_z=94.86
8872102004503143591,2025-08-18,214199,oppo (электроника),Смартфоны,63170.594,0.9449789863743836,0.9353643479417053,daily_ots=63170.594; share=0.9227; deviation=2.768; robust_z=31.989
8872102004503143591,2025-08-21,221229,vivo (электроника),Смартфоны,32792.03,0.9370562425209414,0.9353643479417053,daily_ots=32792.03; share=0.473; deviation=4.257; robust_z=24.176
8872102004503143591,2025-09-28,221942,xiaomi,Смарт-часы и браслеты,108861.78,0.954982570541614,0.9353643479417053,daily_ots=108861.78; share=0.8695; deviation=4.347; robust_z=162.953
8872102004503143591,2025-10-05,206402,google pixel,Смартфоны,107521.54,0.9448214564436969,0.9353643479417053,daily_ots=107521.54; share=0.5815; deviation=4.652; robust_z=35.528
8872102004503143591,2025-10-05,207543,huawei,Смарт-часы и браслеты,80641.155,0.9555878323303446,0.9353643479417053,daily_ots=80641.155; share=0.8085; deviation=5.659; robust_z=87.753
8872102004503143591,2025-10-06,206402,google pixel,Смартфоны,54953.466,0.9425047548024951,0.9353643479417053,daily_ots=54953.466; share=0.5982; deviation=4.187; robust_z=17.802
8872102004503143591,2025-10-07,206402,google pixel,Смартфоны,94081.01699999999,0.9496970800598903,0.9353643479417053,daily_ots=94081.017; share=0.7719; deviation=3.86; robust_z=30.961
8872102004503143591,2025-10-07,207543,huawei,Смарт-часы и браслеты,31360.339,0.9463600469410288,0.9353643479417053,daily_ots=31360.339; share=0.5604; deviation=6.725; robust_z=44.956
8872102004503143591,2025-10-07,207543,huawei,Смартфоны,62720.678,0.9362651243185747,0.9353643479417053,daily_ots=62720.678; share=0.4194; deviation=5.452; robust_z=29.232
8872102004503143591,2025-10-13,206402,google pixel,Смартфоны,61689.64,0.9381803414208333,0.9353643479417053,daily_ots=61689.64; share=0.7267; deviation=2.907; robust_z=12.597
8872102004503143591,2025-10-21,206402,google pixel,Смартфоны,26274.873,0.9407288577490274,0.9353643479417053,daily_ots=26274.873; share=0.5754; deviation=3.452; robust_z=50.263
8872102004503143591,2025-10-29,214142,oneplus,Смартфоны,345369.42,0.9532526317615024,0.9353643479417053,daily_ots=345369.42; share=0.6888; deviation=8.955; robust_z=145.822
8872102004503143591,2025-10-29,221229,vivo (электроника),Смартфоны,57561.57,0.9465508171323194,0.9353643479417053,daily_ots=57561.57; share=0.6242; deviation=4.369; robust_z=48.115
8872102004503143591,2025-10-29,221942,xiaomi,Смартфоны,201465.495,0.9483856795176405,0.9353643479417053,daily_ots=201465.495; share=0.5701; deviation=16.533; robust_z=66.799
8872102004503143591,2025-10-30,214142,oneplus,Смартфоны,117379.496,0.9553100593699959,0.9353643479417053,daily_ots=117379.496; share=0.8432; deviation=5.059; robust_z=49.919
8872102004503143605,2025-06-20,217082,samsung,Смартфоны,65553.61799999999,0.9451905678592695,0.9353643479417053,daily_ots=65553.618; share=0.6063; deviation=5.457; robust_z=34.122
8872102557463947648,2025-06-17,213474,nike,Одежда,76346.109,0.9541030043414671,0.9353643479417053,daily_ots=76346.109; share=0.8669; deviation=4.335; robust_z=49.701
8872102557463947648,2025-09-22,218984,supreme (одежда),Одежда,19960.136,0.937899099911552,0.9353643479417053,daily_ots=19960.136; share=0.5614; deviation=3.368; robust_z=26.453
8872102557463947648,2025-09-28,211249,mango,Одежда,43297.768,0.9364041553216211,0.9353643479417053,daily_ots=43297.768; share=0.6193; deviation=3.097; robust_z=15.673
8872103851395035073,2025-06-03,214393,oukitel,Смартфоны,35728.547999999995,0.9393975130504155,0.9353643479417053,daily_ots=35728.548; share=0.9245; deviation=2.774; robust_z=687.307
8872104940726666496,2025-08-17,216182,redmond (бытовая техника),Малая техника,23429.907,0.9359049733210778,0.9353643479417053,daily_ots=23429.907; share=0.5505; deviation=3.303; robust_z=22.548
8872104940726666496,2025-08-25,204933,felix (корм),Корм для кошек,9817.254,0.9414968522918438,0.9353643479417053,daily_ots=9817.254; share=0.7494; deviation=2.998; robust_z=23.153
8872104940726666496,2025-09-01,219383,tefal,Малая техника,38047.544,0.9471147453796038,0.9353643479417053,daily_ots=38047.544; share=0.8108; deviation=3.243; robust_z=53.541
8935147025123496452,2025-10-07,206519,grass,Универсальные чистящие средства,40158.496,0.9388387876265298,0.9353643479417053,daily_ots=40158.496; share=0.6799; deviation=4.759; robust_z=48.52
8935148960500687296,2025-10-14,221229,vivo (электроника),Смартфоны,34618.144,0.9391492227559934,0.9353643479417053,daily_ots=34618.144; share=0.502; deviation=4.518; robust_z=22.94
9007204635750639324,2025-09-26,213872,oshade,Обувь,25533.333000000002,0.9409811946838706,0.9353643479417053,daily_ots=25533.333; share=0.7413; deviation=2.965; robust_z=102.356
9007204939872883111,2025-07-05,311362,tecno pova,Смартфоны,25185.26,0.9362766861483499,0.9353643479417053,daily_ots=25185.26; share=0.5299; deviation=3.709; robust_z=33.096
9016217269999190224,2025-09-02,216181,redmi,Аудиотехника,27535.77,0.938732996884087,0.9353643479417053,daily_ots=27535.77; share=0.8618; deviation=2.586; robust_z=61.671
9079274105886287744,2025-06-16,281079,samsung galaxy,Смарт-часы и браслеты,25599.296,0.9385133221183585,0.9353643479417053,daily_ots=25599.296; share=0.7923; deviation=3.169; robust_z=39.242
9089272665615484736,2025-07-12,238974,tecno spark,Смартфоны,42495.244,0.9400626073082327,0.9353643479417053,daily_ots=42495.244; share=0.6004; deviation=4.803; robust_z=18.898
9089272665615484736,2025-08-17,216181,redmi,Смартфоны,188266.912,0.9460837192094023,0.9353643479417053,daily_ots=188266.912; share=0.5295; deviation=14.826; robust_z=74.945
